,X,Y,Z,areas,ax1s,ax2s,bat_ids,global_ids,gyrations,types,volumes
0,1.0,1.0,5.0,16.64,5.4167,0.1063,#6732,0tm$RlZBj41hxXR9utY6yq,0.3266,IfcColumn,3.072
1,1.0,1.0,5.45,18.08,5.381,0.0972,#6777,0tm$RlZBj41hxXR9utY6wm,0.3266,IfcColumn,3.36
2,1.0,1.0,5.8,19.2,5.3571,0.0911,#6813,0tm$RlZBj41hxXR9utY6w5,0.3266,IfcColumn,3.584
3,1.0,1.0,6.5,21.44,5.3175,0.081,#6849,0tm$RlZBj41hxXR9utY6xg,0.3266,IfcColumn,4.032
4,1.0,1.0,5.0,16.6379,5.4174,0.1063,#6896,1BP3hKwOb0kuV7bDqfo_Zm,0.3266,IfcColumn,3.0712
5,1.0,1.0,5.25,17.44,5.396,0.1011,#6968,1BP3hKwOb0kuV7bDqfo_ZA,0.3266,IfcColumn,3.232
6,1.0,1.0,5.0,16.6387,5.4171,0.1063,#7051,1BP3hKwOb0kuV7bDqfo_ik,0.3266,IfcColumn,3.0715
7,0.8,0.8,5.0,12.24,7.0833,0.1418,#7123,1BP3hKwOb0kuV7bDqfo_iE,0.2449,IfcColumn,1.728
8,1.0,1.0,6.9,22.44,5.3736,0.0783,#7608,0d0HEE33X1Gwqn4j0xLyIR,0.327,IfcColumn,4.176
9,1.0,1.0,4.7,15.68,5.4444,0.1134,#7646,0d0HEE33X1Gwqn4j0xLya_,0.3266,IfcColumn,2.88
10,0.8,0.8,4.7,11.52,7.1111,0.1512,#8026,0d0HEE33X1Gwqn4j0xLyaA,0.2449,IfcColumn,1.62
11,1.0,1.0,4.3,14.4,5.4878,0.1245,#8444,0d0HEE33X1Gwqn4j0xLyza,0.3266,IfcColumn,2.624
12,0.8,0.8,4.3,10.56,7.1545,0.166,#8748,0d0HEE33X1Gwqn4j0xLyzq,0.2449,IfcColumn,1.476
13,1.0,1.0,4.7,15.56,5.5571,0.1152,#160943,2JZkNUIYX3Oe5duEtnBoT9,0.3226,IfcColumn,2.8
14,1.0,1.0,4.7,15.44,5.546,0.1155,#161845,2JZkNUIYX3Oe5duEtnBoVm,0.3217,IfcColumn,2.784
15,0.9,0.9,4.3,12.46,6.2021,0.1422,#162111,2JZkNUIYX3Oe5duEtnBoVh,0.2858,IfcColumn,2.009
16,0.9,0.9,4.7,13.58,6.1587,0.1296,#162644,2JZkNUIYX3Oe5duEtnBo0x,0.2858,IfcColumn,2.205
17,0.9,0.9,4.55,13.16,6.1741,0.1341,#163708,2JZkNUIYX3Oe5duEtnBomz,0.2858,IfcColumn,2.1315
18,0.8,0.8,4.55,11.16,7.1264,0.1564,#164802,2JZkNUIYX3Oe5duEtnBorw,0.2449,IfcColumn,1.566
19,0.9,0.9,4.95,14.28,6.1353,0.1228,#165030,2JZkNUIYX3Oe5duEtnBork,0.2858,IfcColumn,2.3275
20,0.9,0.9,5.05,14.56,6.1267,0.1202,#165258,2JZkNUIYX3Oe5duEtnBosp,0.2858,IfcColumn,2.3765
21,0.8,0.8,5.05,12.36,7.079,0.1403,#165562,2JZkNUIYX3Oe5duEtnBosZ,0.2449,IfcColumn,1.746
22,0.9,0.9,5.45,16.24,6.4986,0.1144,#165801,2JZkNUIYX3Oe5duEtnBosN,0.2858,IfcColumn,2.499
23,0.65,0.65,4.4,7.965,9.3651,0.216,#166182,0SOcvHLr94dfpK71UH$l3y,0.1837,IfcColumn,0.8505
24,1.0,1.0,4.05,13.6,5.5195,0.1325,#295361,0Zk7zH719FXPcnY68eNUca,0.3266,IfcColumn,2.464
25,1.0,0.8,5.85,16.7796,6.1875,0.1064,#295589,0Zk7zH719FXPcnY68eNUcm,0.2887,IfcColumn,2.7118
26,1.0,0.8,5.85,16.78,6.1873,0.1064,#295627,0Zk7zH719FXPcnY68eNUcs,0.2887,IfcColumn,2.712
27,1.0,0.7,5.85,15.49,6.854,0.1205,#295665,0Zk7zH719FXPcnY68eNUcq,0.2723,IfcColumn,2.26
28,1.0022,0.7,6.0,20.9338,15.1151,0.202,#295774,0Zk7zH719FXPcnY68eNUcw,0.2797,IfcColumn,1.385
29,0.8,0.5,6.0,10.8,10.3448,0.1855,#295812,0Zk7zH719FXPcnY68eNUcu,0.1936,IfcColumn,1.044
30,1.0023,1.0027,4.05,12.8852,5.5709,0.1367,#295892,0Zk7zH719FXPcnY68eNUc_,0.3162,IfcColumn,2.313
31,0.8,0.8,4.05,9.96,7.1861,0.1767,#296272,0Zk7zH719FXPcnY68eNUZk,0.2449,IfcColumn,1.386
32,0.8,0.8,4.2,10.32,7.1667,0.1701,#296462,0Zk7zH719FXPcnY68eNUic,0.2449,IfcColumn,1.44
33,0.8,0.8,4.2,10.23,7.2399,0.1733,#296590,0Zk7zH719FXPcnY68eNUl1,0.2449,IfcColumn,1.413
34,0.7674,0.7674,5.85,9.369,11.0245,0.1984,#298438,3bIwz0t$PChBISn8uYKH5a,0.1686,IfcColumn,0.8498
35,1.0,1.0,6.05,20.0,5.3419,0.0872,#298516,0$uXMwvobE_B1E41tjNHmK,0.3266,IfcColumn,3.744
36,1.0,1.0,6.3,21.28,5.6838,0.0872,#298565,0$uXMwvobE_B1E41tjNHmQ,0.3266,IfcColumn,3.744
37,1.0,1.0,6.3,21.68,5.7906,0.0872,#298734,0$uXMwvobE_B1E41tjNHmO,0.3266,IfcColumn,3.744
38,1.0,1.0,6.3,20.8,5.3279,0.0837,#299044,0$uXMwvobE_B1E41tjNHmg,0.3266,IfcColumn,3.904
39,0.8,0.8,6.3,15.36,6.9945,0.1115,#299082,0$uXMwvobE_B1E41tjNHme,0.2449,IfcColumn,2.196
40,1.0,1.0,6.3,21.46,5.6712,0.0865,#299393,0$uXMwvobE_B1E41tjNHms,0.3272,IfcColumn,3.784
41,1.0,1.0,6.3,21.22,5.7043,0.0877,#299569,0$uXMwvobE_B1E41tjNHmq,0.3262,IfcColumn,3.72
42,1.0,1.0,6.3,21.76,5.7505,0.0865,#299738,0$uXMwvobE_B1E41tjNHmw,0.3272,IfcColumn,3.784
43,0.8,0.8,4.45,10.92,7.1373,0.1601,#300167,0$uXMwvobE_B1E41tjNHn2,0.2449,IfcColumn,1.53
44,0.8,0.8,5.3,12.88,7.2523,0.1378,#300314,0$uXMwvobE_B1E41tjNHn0,0.2447,IfcColumn,1.776
45,0.8,0.8,5.15,12.6,7.0707,0.1375,#300352,0$uXMwvobE_B1E41tjNHn6,0.2449,IfcColumn,1.782
46,0.8,0.8,6.05,14.76,7.0085,0.1163,#300390,0$uXMwvobE_B1E41tjNHn4,0.2449,IfcColumn,2.106
47,0.8,0.8,4.1,10.08,7.1795,0.1745,#300466,0$uXMwvobE_B1E41tjNHn8,0.2449,IfcColumn,1.404
48,0.8,0.5,3.9,7.02,10.5405,0.2908,#300504,0$uXMwvobE_B1E41tjNHnE,0.1936,IfcColumn,0.666
49,12.0746,0.6,1.3,36.5037,6.9866,0.6565,#344241,0OK9Iu4NbCagRYhPxqAXeG,3.4298,IfcBeam,5.2248
50,12.0746,0.6,1.3,36.5038,6.9866,0.6565,#344279,0OK9Iu4NbCagRYhPxqAXrn,3.4298,IfcBeam,5.2248
51,0.6,7.3746,1.3,22.4038,7.0969,0.6571,#344314,0OK9Iu4NbCagRYhPxqAXvD,2.0743,IfcBeam,3.1568
52,12.6746,0.6,1.3,38.3037,6.9785,0.6564,#344349,0OK9Iu4NbCagRYhPxqAW7E,3.6029,IfcBeam,5.4888
53,0.6,7.0746,1.3,21.5038,7.1091,0.6572,#344384,0OK9Iu4NbCagRYhPxqAW4b,1.9879,IfcBeam,3.0248
54,0.6,6.7746,1.3,20.6038,7.1224,0.6573,#344454,0OK9Iu4NbCagRYhPxqAW22,1.9014,IfcBeam,2.8928
55,13.1,0.6,1.3,39.5799,6.9732,0.6564,#344489,0OK9Iu4NbCagRYhPxqAW20,3.7257,IfcBeam,5.676
56,12.5,0.6,1.3,37.78,6.9808,0.6564,#344559,0OK9Iu4NbCagRYhPxqAW3d,3.5526,IfcBeam,5.412
57,0.6,7.9746,1.3,24.2038,7.0754,0.6569,#344594,0OK9Iu4NbCagRYhPxqAW3b,2.2473,IfcBeam,3.4208
58,12.9,0.6,1.3,38.98,6.9757,0.6564,#344629,0OK9Iu4NbCagRYhPxqAW3h,3.668,IfcBeam,5.588
59,0.6,7.2,1.3,21.88,7.1039,0.6572,#344664,0OK9Iu4NbCagRYhPxqAW3f,2.024,IfcBeam,3.08
60,0.6,6.6746,1.3,20.3038,7.1271,0.6573,#344699,0OK9Iu4NbCagRYhPxqAW0E,1.8726,IfcBeam,2.8488
61,8.1687,0.6,2.045,24.58,7.0713,0.654,#344738,25mT0OM1j87vRzXBQPQhaB,2.2734,IfcBeam,3.476
62,4.14,0.6,1.3,12.7,7.3258,0.6595,#344774,2bdzlacETDVRWOnrJJtIhp,1.1432,IfcBeam,1.7336
63,0.6,7.9995,1.3,24.2785,7.0746,0.6569,#344879,3VTvY7HE53qftF9dGuk4Ab,2.2545,IfcBeam,3.4318
64,2.6746,0.6,1.3,8.3038,7.6264,0.6646,#344949,36h2UZPDfAw8BDeyeiSc24,0.7236,IfcBeam,1.0888
65,2.2746,0.6,1.3,7.1038,7.7822,0.6682,#345054,36h2UZPDfAw8BDeyeiScEn,0.6099,IfcBeam,0.9128
66,0.6,11.0746,1.3,33.5038,7.0021,0.6565,#345124,36h2UZPDfAw8BDeyeiScJZ,3.1413,IfcBeam,4.7848
67,0.8,11.0746,1.3,38.2936,5.3354,0.4381,#345159,36h2UZPDfAw8BDeyeiScSm,3.144,IfcBeam,7.1772
68,10.0746,0.7,1.3,32.6987,6.0207,0.5255,#345301,36h2UZPDfAw8BDeyeiSdpF,2.8542,IfcBeam,5.431
69,9.2746,0.7,1.3,30.1387,6.0386,0.5257,#345338,36h2UZPDfAw8BDeyeiSdoV,2.6236,IfcBeam,4.991
70,0.7,7.3746,1.3,24.0587,6.0969,0.5261,#345443,36h2UZPDfAw8BDeyeiSdmu,2.0762,IfcBeam,3.946
71,0.7,6.7746,1.3,22.1387,6.1224,0.5264,#345478,36h2UZPDfAw8BDeyeiSdt2,1.9034,IfcBeam,3.616
72,0.7,6.6746,1.3,21.8187,6.1271,0.5264,#345513,36h2UZPDfAw8BDeyeiSdtc,1.8746,IfcBeam,3.561
73,0.6,6.6746,1.05,16.8665,7.6618,0.8507,#345758,36h2UZPDfAw8BDeyeiSdwr,1.8726,IfcBeam,2.2014
74,9.2746,0.6,1.05,23.3665,7.5733,0.8499,#345830,36h2UZPDfAw8BDeyeiSd$0,2.6222,IfcBeam,3.0854
75,0.7,8.2746,1.05,22.6514,6.6006,0.6805,#345900,36h2UZPDfAw8BDeyeiSd86,2.3354,IfcBeam,3.4317
76,0.6,7.7746,1.05,19.6165,7.617,0.8502,#345972,36h2UZPDfAw8BDeyeiSdD8,2.1896,IfcBeam,2.5754
77,0.6,11.8873,1.05,29.8982,7.5241,0.8495,#346007,36h2UZPDfAw8BDeyeiSdJK,3.3758,IfcBeam,3.9737
78,10.6746,0.6,1.05,26.8665,7.5439,0.8497,#346042,36h2UZPDfAw8BDeyeiSdIh,3.026,IfcBeam,3.5614
79,2.8873,0.6,1.05,7.3982,8.0972,0.8584,#346077,36h2UZPDfAw8BDeyeiSdHj,0.7843,IfcBeam,0.9137
80,2.4746,0.6,1.05,6.3665,8.2322,0.8621,#346112,36h2UZPDfAw8BDeyeiSdNp,0.6667,IfcBeam,0.7734
81,12.7746,0.6,1.3,38.6038,6.9772,0.6564,#346147,36h2UZPDfAw8BDeyeiSdMD,3.6318,IfcBeam,5.5328
82,12.6746,0.6,1.3,38.3038,6.9785,0.6564,#346322,36h2UZPDfAw8BDeyeiSdV6,3.603,IfcBeam,5.4888
83,0.6,11.7746,1.3,35.6038,6.991,0.6565,#346427,36h2UZPDfAw8BDeyeiSOZW,3.3433,IfcBeam,5.0928
84,10.0746,0.6,1.05,25.3665,7.5555,0.8497,#346567,36h2UZPDfAw8BDeyeiSOdt,2.8529,IfcBeam,3.3574
85,9.9746,0.6,1.05,25.1165,7.5576,0.8498,#346602,36h2UZPDfAw8BDeyeiSOgL,2.824,IfcBeam,3.3234
86,5.6873,0.6,0.8,11.4546,8.6978,1.206,#346672,36h2UZPDfAw8BDeyeiSOxF,1.5883,IfcBeam,1.317
87,0.6,6.5746,0.8,13.2291,8.6471,1.2052,#346709,36h2UZPDfAw8BDeyeiSOwX,1.8438,IfcBeam,1.5299
88,5.1373,0.6,0.8,10.3546,8.7384,1.2068,#346744,36h2UZPDfAw8BDeyeiSOuC,1.4299,IfcBeam,1.185
89,3.5058,0.6,0.8,7.0915,8.9383,1.2116,#346779,36h2UZPDfAw8BDeyeiSOui,0.9613,IfcBeam,0.7934
90,0.6,5.4746,0.8,11.0292,8.7125,1.2063,#346814,36h2UZPDfAw8BDeyeiSO_9,1.527,IfcBeam,1.2659
91,2.8798,0.6,1.05,7.3795,8.0993,0.8585,#348004,36h2UZPDfAw8BDeyeiSO0y,0.7822,IfcBeam,0.9111
92,2.4671,0.6,1.05,6.3477,8.2351,0.8622,#348039,36h2UZPDfAw8BDeyeiSO0Y,0.6646,IfcBeam,0.7708
93,2.7746,0.6,1.3,8.6038,7.595,0.664,#356509,2l409ntDT3Z8KgOyYPM4og,0.7521,IfcBeam,1.1328
94,12.1746,0.6,1.3,36.8038,6.9852,0.6564,#356544,2l409ntDT3Z8KgOyYPM4oe,3.4587,IfcBeam,5.2688
95,2.3246,0.6,1.3,7.2538,7.7595,0.6676,#356614,2l409ntDT3Z8KgOyYPM4oi,0.6241,IfcBeam,0.9348
96,12.1746,0.6,1.3,36.8037,6.9852,0.6564,#356649,2l409ntDT3Z8KgOyYPM4nI,3.4587,IfcBeam,5.2688
97,0.6,11.1746,1.3,33.8038,7.0004,0.6565,#356684,2l409ntDT3Z8KgOyYPM4nG,3.1702,IfcBeam,4.8288
98,0.8,11.1746,1.3,38.6336,5.3338,0.438,#356719,2l409ntDT3Z8KgOyYPM4nM,3.1728,IfcBeam,7.2432
99,10.1746,0.7,1.3,33.0187,6.0187,0.5255,#356859,2l409ntDT3Z8KgOyYPM4nU,2.883,IfcBeam,5.486
100,9.3746,0.7,1.3,30.4587,6.0362,0.5256,#356894,2l409ntDT3Z8KgOyYPM4nS,2.6524,IfcBeam,5.046
101,0.7,7.4746,1.3,24.3787,6.0931,0.5261,#356999,2l409ntDT3Z8KgOyYPM4n6,2.105,IfcBeam,4.001
102,0.7,6.8746,1.3,22.4587,6.1178,0.5263,#357034,2l409ntDT3Z8KgOyYPM4n4,1.9322,IfcBeam,3.671
103,0.6,6.7746,1.05,17.1165,7.6571,0.8506,#357314,2l409ntDT3Z8KgOyYPM4nq,1.9014,IfcBeam,2.2354
104,9.3746,0.6,1.05,23.6165,7.5709,0.8499,#357384,2l409ntDT3Z8KgOyYPM4nu,2.651,IfcBeam,3.1194
105,0.7,8.3746,1.05,22.9214,6.5976,0.6805,#357454,2l409ntDT3Z8KgOyYPM4ny,2.3642,IfcBeam,3.4742
106,2.9373,0.6,1.05,7.5232,8.0836,0.8581,#357629,2l409ntDT3Z8KgOyYPM4ng,0.7986,IfcBeam,0.9307
107,2.5246,0.6,1.05,6.4915,8.2133,0.8615,#357664,2l409ntDT3Z8KgOyYPM4ne,0.6809,IfcBeam,0.7904
108,2.9473,0.6,1.05,7.5482,8.0809,0.858,#359554,2PqUEoPw13qOEBuou5jhiQ,0.8014,IfcBeam,0.9341
109,2.5346,0.6,1.05,6.5165,8.2096,0.8614,#359589,2PqUEoPw13qOEBuou5jhiO,0.6838,IfcBeam,0.7938
110,3.4958,0.6,0.8,7.0716,8.9402,1.2116,#360254,2PqUEoPw13qOEBuou5jhiY,0.9584,IfcBeam,0.791
111,2.7,0.6,1.3,8.38,7.6182,0.6644,#360359,0yxAzt4zDAk8$G4PUlafBE,0.7309,IfcBeam,1.1
112,12.1,0.6,1.3,36.58,6.9862,0.6565,#360394,0yxAzt4zDAk8$G4PUlafB0,3.4372,IfcBeam,5.236
113,2.6373,0.6,1.3,8.1919,7.6388,0.6649,#360429,0yxAzt4zDAk8$G4PUlafB2,0.713,IfcBeam,1.0724
114,2.9,0.6,1.3,8.98,7.5589,0.6632,#360464,0yxAzt4zDAk8$G4PUlafB4,0.7879,IfcBeam,1.188
115,12.1,0.6,1.3,36.5799,6.9862,0.6565,#360499,0yxAzt4zDAk8$G4PUlafB6,3.4372,IfcBeam,5.236
116,0.6,11.1,1.3,33.58,7.0017,0.6565,#360534,0yxAzt4zDAk8$G4PUlafBO,3.1487,IfcBeam,4.796
117,0.8,11.1,1.3,38.38,5.335,0.438,#360569,0yxAzt4zDAk8$G4PUlafBQ,3.1513,IfcBeam,7.194
118,10.5,0.7,1.3,34.06,6.0124,0.5255,#360709,0yxAzt4zDAk8$G4PUlafBI,2.9769,IfcBeam,5.665
119,9.3,0.7,1.3,30.22,6.038,0.5257,#360744,0yxAzt4zDAk8$G4PUlafBK,2.6309,IfcBeam,5.005
120,10.1,0.7,1.3,32.78,6.0202,0.5255,#360779,0yxAzt4zDAk8$G4PUlafBM,2.8615,IfcBeam,5.445
121,0.7,8.0,1.3,26.06,6.0746,0.5259,#360849,0yxAzt4zDAk8$G4PUlafBg,2.2563,IfcBeam,4.29
122,0.7,7.5873,1.3,24.7394,6.0889,0.5261,#360884,0yxAzt4zDAk8$G4PUlafBi,2.1374,IfcBeam,4.063
123,0.7,7.2873,1.3,23.7794,6.1004,0.5262,#360919,0yxAzt4zDAk8$G4PUlafBk,2.051,IfcBeam,3.898
124,0.7,7.4,1.3,24.14,6.096,0.5261,#360954,0yxAzt4zDAk8$G4PUlafBW,2.0835,IfcBeam,3.96
125,0.7,6.8,1.3,22.22,6.1212,0.5264,#360989,0yxAzt4zDAk8$G4PUlafBY,1.9107,IfcBeam,3.63
126,0.7,6.7,1.3,21.9,6.1259,0.5264,#361024,0yxAzt4zDAk8$G4PUlafBa,1.8819,IfcBeam,3.575
127,0.6,6.7,1.05,16.93,7.6606,0.8507,#361164,0yxAzt4zDAk8$G4PUlafBy,1.8799,IfcBeam,2.21
128,0.6,6.6373,1.05,16.7732,7.6636,0.8507,#361199,0yxAzt4zDAk8$G4PUlafB_,1.8619,IfcBeam,2.1887
129,9.3,0.6,1.05,23.43,7.5727,0.8499,#361234,0yxAzt4zDAk8$G4PUlafBm,2.6295,IfcBeam,3.094
130,0.7,8.3,1.05,22.72,6.5999,0.6805,#361304,0yxAzt4zDAk8$G4PUlafBq,2.3427,IfcBeam,3.4425
131,0.6,7.9746,1.05,20.1165,7.6102,0.8502,#361374,0yxAzt4zDAk8$G4PUlaf88,2.2473,IfcBeam,2.6434
132,0.6,11.4746,1.05,28.8664,7.5303,0.8496,#361409,0yxAzt4zDAk8$G4PUlaf8A,3.2567,IfcBeam,3.8334
133,11.0873,0.6,1.05,27.8982,7.5366,0.8496,#361444,0yxAzt4zDAk8$G4PUlaf8C,3.145,IfcBeam,3.7017
134,2.8373,0.6,1.05,7.2732,8.1113,0.8588,#361479,0yxAzt4zDAk8$G4PUlaf8E,0.77,IfcBeam,0.8967
135,2.4246,0.6,1.05,6.2415,8.252,0.8627,#361514,0yxAzt4zDAk8$G4PUlaf80,0.6525,IfcBeam,0.7564
136,3.7,0.6,0.8,7.48,8.9048,1.2106,#362179,0yxAzt4zDAk8$G4PUlaf8c,1.0169,IfcBeam,0.84
137,0.6,5.2746,0.8,10.6292,8.7275,1.2065,#362214,0yxAzt4zDAk8$G4PUlaf8u,1.4695,IfcBeam,1.2179
138,11.4,12.7012,0.35,287.1386,13.6719,0.2307,#10991,3qrzr45DL7MfuFmanBFVh9,4.8453,IfcSlab,21.0021
139,10.4,12.7,0.35,261.8098,13.6894,0.2435,#11026,3qrzr45DL7MfuFmanBFVh$,4.6573,IfcSlab,19.125
140,4.1,2.7,0.35,21.4199,14.6462,0.9144,#26965,2eJyEaYCD5$vp3sqRDYDHg,1.3373,IfcSlab,1.4625
141,10.7,4.9,0.35,103.2598,13.9493,0.4486,#26994,2eJyEaYCD5$vp3sqRDYDGF,3.3209,IfcSlab,7.4025
142,16.2,8.3,0.45,268.55,8.3758,0.1613,#31614,0sVZRHDmbFjQp_VrHZprwg,5.1707,IfcSlab,32.0625
143,16.2,12.4,0.35,376.36,13.6399,0.2037,#31663,0sVZRHDmbFjQp_VrHZprrS,5.6207,IfcSlab,27.5925
144,13.7,12.7,0.35,345.3,13.6415,0.2098,#31699,0sVZRHDmbFjQp_VrHZprrC,5.3112,IfcSlab,25.3125
145,4.6,2.7,0.35,24.07,14.5879,0.8854,#31728,0sVZRHDmbFjQp_VrHZprqb,1.4609,IfcSlab,1.65
146,9.3,2.7,1.0503,47.9821,21.0198,1.1934,#31777,0sVZRHDmbFjQp_VrHZprnx,2.7243,IfcSlab,2.2827
147,2.7,11.97,0.35,63.131,14.3033,0.787,#31811,31RsrJa29ETv80fRvnE_Tr,3.4735,IfcSlab,4.4137
148,4.6,2.7,0.3,23.38,21.2545,1.3281,#32296,0y0k6TvQn5UfJb7iwa_$JI,1.4609,IfcSlab,1.1
149,37.55,35.4,0.35,2153.5606,13.5135,0.093,#166089,2JZkNUIYX3Oe5duEtnBov9,14.8247,IfcSlab,159.3637
150,37.8549,35.58,0.7,563.7142,4.9527,0.1651,#166138,0SOcvHLr94dfpK71UH$kwF,18.7917,IfcSlab,113.8186
151,13.7,12.7,0.3,342.7,20.3081,0.3147,#166743,3L27$0f8rFNvisWZhyhwik,5.3112,IfcSlab,16.875
152,2.7,12.02,0.3,61.964,20.9692,1.1802,#166805,1Akgduldn51w035YW0IFJv,3.4876,IfcSlab,2.955
153,2.3996,12.2149,0.35,57.1215,14.409,0.8895,#166834,1Akgduldn51w035YW0IFKu,3.5261,IfcSlab,3.9643
154,10.7,12.4,0.4,175.2199,10.5465,0.2607,#294632,0bAP$fmDfBIPqWXwg0QP4A,4.3319,IfcSlab,16.614
155,11.4475,13.06,0.4,52.6844,15.513,1.7164,#294695,0bAP$fmDfBIPqWXwg0QP4o,5.8292,IfcSlab,3.3961
156,22.9,17.8,1.2,583.572,2.3085,0.0304,#296904,0Zk7zH719FXPcnY68eNUyj,7.6844,IfcSlab,252.7951
157,43.1,36.9,1.2,2640.6948,2.1238,0.0121,#297034,0Zk7zH719FXPcnY68eNT3k,15.1049,IfcSlab,1243.3718
158,42.5,36.9327,0.35,2429.7469,13.5132,0.0884,#301663,3minVD1lD27QgYDmGzlvtZ,15.901,IfcSlab,179.8059
159,9.3507,6.7,0.4,125.2194,10.5263,0.2724,#301692,0Fb5BCfK54pQb6F92UTWG1,3.2402,IfcSlab,11.8959
160,5.5,1.2,2.0,33.28,3.4885,0.1632,#301754,2m0S1uE8TFYwwWgB6rghwG,1.557,IfcSlab,9.54
161,6.6996,1.2,2.0,39.5986,3.4434,0.1624,#301832,2m0S1uE8TFYwwWgB6rgh6n,1.868,IfcSlab,11.4997
162,1.2,5.2,2.0,31.5998,3.5111,0.1636,#301861,2m0S1uE8TFYwwWgB6rgh6J,1.472,IfcSlab,8.9999
163,1.2,6.9,2.0,41.12,3.4096,0.1622,#301890,2m0S1uE8TFYwwWgB6rgh0S,1.9555,IfcSlab,12.06
164,12.8026,7.8026,2.0,94.7239,3.0793,0.1358,#302000,2m0S1uE8TFYwwWgB6rgh1w,4.1771,IfcSlab,30.7615
165,2.77,1.5331,0.5123,8.3015,15.1538,1.5347,#315066,3u_aKVAQXBYOOsx_tJ5DbL,0.8407,IfcSlab,0.5478
166,2.77,1.7048,0.5064,9.2396,15.0021,1.4051,#328572,0V7QDnkNHDt9ZMNWs33xY$,0.8654,IfcSlab,0.6159
167,2.77,1.5044,0.51,8.1577,15.1322,1.5509,#329480,0xUAsnmjDCIheVFMGLLzgo,0.8361,IfcSlab,0.5391
168,2.785,2.305,0.35,10.9917,15.295,1.2948,#329555,0xUAsnmjDCIheVFMGLLzsZ,0.9305,IfcSlab,0.7186
169,2.785,1.785,0.35,8.7459,15.556,1.5284,#329595,0xUAsnmjDCIheVFMGLLzoz,0.8593,IfcSlab,0.5622
170,2.8295,1.8742,0.35,8.7459,15.556,1.5284,#331493,0xUAsnmjDCIheVFMGLLz$n,0.8593,IfcSlab,0.5622
171,2.785,2.105,0.35,9.6473,15.4971,1.4391,#332441,0xUAsnmjDCIheVFMGLLz_X,0.8959,IfcSlab,0.6225
172,2.785,2.2906,0.35,10.0947,15.485,1.4145,#334377,1XftKSSw9DbRyRJhHcYKwZ,0.9221,IfcSlab,0.6519
173,2.785,2.2906,0.35,11.4814,15.189,1.2424,#334418,1XftKSSw9DbRyRJhHcYKnW,0.9391,IfcSlab,0.7559
174,2.785,2.2146,0.35,11.2671,15.1942,1.2551,#334458,0f5l9JXRX5ARQLSWK71PJL,0.9307,IfcSlab,0.7415
175,2.765,2.1714,0.5109,10.0555,15.0926,1.3515,#335557,0ezpoSy$X6wOGQG6Gp9aAA,0.9005,IfcSlab,0.6663
176,2.765,1.955,0.3638,10.2935,15.2841,1.3311,#335655,0ezpoSy$X6wOGQG6Gp9aBY,0.8965,IfcSlab,0.6735
177,2.765,1.2554,0.3638,6.5215,16.0501,1.9707,#335742,0ezpoSy$X6wOGQG6Gp9a9H,0.8008,IfcSlab,0.4063
178,2.8234,2.305,0.3648,12.4654,15.0723,1.1733,#336799,3k55IdnAH3HhmQ4$DnCChB,0.9704,IfcSlab,0.827
179,2.8234,1.515,0.3648,8.105,15.6532,1.6363,#336895,3k55IdnAH3HhmQ4$DnCCeR,0.8472,IfcSlab,0.5178
180,37.6,35.43,0.35,2233.494,13.5177,0.0886,#337031,0qZPIOcafBQf2NGqEKv8VS,14.646,IfcSlab,165.2272
181,2.77,2.36,0.3648,10.8153,15.3781,1.3261,#338092,0qZPIOcafBQf2NGqEKv8RH,0.9326,IfcSlab,0.7033
182,2.77,2.105,0.3648,11.1573,15.1866,1.2572,#338188,0qZPIOcafBQf2NGqEKv8Rk,0.9236,IfcSlab,0.7347
183,3.0056,2.1988,0.3637,10.5748,15.4684,1.4062,#339354,0qZPIOcafBQf2NGqEKv9cW,0.9613,IfcSlab,0.6836
184,3.0056,2.06,0.3637,11.7772,15.1584,1.2482,#339459,0qZPIOcafBQf2NGqEKv9bz,0.9697,IfcSlab,0.7769
185,2.785,2.06,0.35,10.0803,15.3661,1.3671,#339593,2pyW_o3397$8tkjPSAQOg_,0.8969,IfcSlab,0.656
186,2.785,1.5,0.35,7.8865,15.6455,1.657,#341413,2pyW_o3397$8tkjPSAQOeK,0.8353,IfcSlab,0.5041
187,10.6,11.8389,0.45,112.466,8.9967,0.3691,#341506,3dOS9KipXDCh73EqJnTsyH,4.6136,IfcSlab,12.5008
188,16.2,12.4,0.3,373.54,20.3066,0.3056,#341550,3dOS9KipXDCh73EqJnTszE,5.6207,IfcSlab,18.395
189,9.3,2.7,1.1005,49.146,14.3531,0.7956,#341599,3dOS9KipXDCh73EqJnTs_b,2.7243,IfcSlab,3.4241
190,2.7,12.02,0.4,64.828,10.9692,0.5901,#341628,3dOS9KipXDCh73EqJnTs5S,3.4876,IfcSlab,5.91
191,11.4,12.7012,0.3,284.7685,20.3386,0.3461,#341657,3dOS9KipXDCh73EqJnTs75,4.8453,IfcSlab,14.0014
192,10.4,12.7,0.3,259.5398,20.3561,0.3653,#341686,3dOS9KipXDCh73EqJnTs7_,4.6573,IfcSlab,12.75
193,4.1,2.7,0.3,20.7799,21.3128,1.3716,#341715,3dOS9KipXDCh73EqJnTs8O,1.3373,IfcSlab,0.975
194,9.8,2.7,1.1003,50.5948,21.0083,1.1891,#341764,3dOS9KipXDCh73EqJnTs9K,2.8637,IfcSlab,2.4083
195,9.8,2.7,1.1505,51.809,14.3417,0.7927,#341813,3dOS9KipXDCh73EqJnTs9n,2.8637,IfcSlab,3.6125
196,10.7,4.9,0.3,101.7398,20.616,0.6729,#341842,3dOS9KipXDCh73EqJnTsAJ,3.3209,IfcSlab,4.935
197,10.7,9.2,0.3,192.8997,20.4127,0.4225,#341871,3dOS9KipXDCh73EqJnTsAB,3.9922,IfcSlab,9.45
198,10.7,9.2,0.35,194.8497,13.746,0.2816,#341900,3dOS9KipXDCh73EqJnTsBN,3.9922,IfcSlab,14.175
199,16.35,1.1149,0.75,34.6816,15.6432,2.1062,#341953,36qVQskM12AQ6hg8k1feC0,4.6696,IfcSlab,2.217
200,5.1032,6.902,0.35,69.2039,14.0396,0.4863,#341982,36qVQskM12AQ6hg8k1fe8u,2.3972,IfcSlab,4.9292
201,2.1011,19.8122,0.65,81.0317,14.4874,1.017,#342037,36qVQskM12AQ6hg8k1feAr,5.6881,IfcSlab,5.5933
202,5.1032,8.1,0.5,65.454,14.1052,0.5506,#342093,0Nr3jMTUbE4Pw0Jw5V9mAC,2.5552,IfcSlab,4.6404
203,3.1273,4.3003,0.35,21.7743,14.6622,0.9305,#342129,0Nr3jMTUbE4Pw0Jw5V9ppl,1.3818,IfcSlab,1.4851
204,10.7,8.0854,0.45,123.7872,8.6418,0.236,#342181,2KoXmzd6903RNEjc4o$4vD,3.3812,IfcSlab,14.3243
205,7.55,2.2279,0.35,30.3642,14.7752,1.1063,#343051,2eQOl7m6P7b8LiXWFP1AwM,2.2735,IfcSlab,2.0551
206,3.2,6.7,0.35,41.85,14.3077,0.7065,#343080,2eQOl7m6P7b8LiXWFP1Azr,2.0666,IfcSlab,2.925
207,3.4,6.605,0.35,43.8735,14.2706,0.6723,#343109,2eQOl7m6P7b8LiXWFP1Ay7,2.0669,IfcSlab,3.0744
208,2.3996,9.2,0.7501,42.996,14.4648,0.8998,#343197,2eQOl7m6P7b8LiXWFP1AiO,2.6745,IfcSlab,2.9725
209,2.3996,2.9,0.35,13.3478,14.9833,1.1285,#343226,2eQOl7m6P7b8LiXWFP1Al3,1.0053,IfcSlab,0.8908
210,2.3996,12.6,0.45,58.9333,14.4039,0.8885,#343277,2eQOl7m6P7b8LiXWFP1AW4,3.6355,IfcSlab,4.0915
211,2.3996,2.4057,0.35,11.0253,15.1493,1.2356,#343306,0JcEr35yPC$Q9uGe23Hbgu,0.8992,IfcSlab,0.7278
212,21.5,2.4057,1.4002,101.139,14.334,0.8761,#343359,0JcEr35yPC$Q9uGe23HblD,6.1817,IfcSlab,7.0559
213,2.9,2.4057,0.35,13.3827,14.9808,1.1266,#343388,0JcEr35yPC$Q9uGe23Hble,1.0064,IfcSlab,0.8933
214,13.6,2.4057,0.9001,63.8494,14.3893,0.8835,#343441,0JcEr35yPC$Q9uGe23HwGw,3.9203,IfcSlab,4.4373
215,2.8,5.7,0.45,32.65,9.1329,0.4912,#343503,2xSKYWRrf0HQHzkNbobSxI,1.7562,IfcSlab,3.575
216,2.8,4.6,0.45,26.38,9.2238,0.5159,#343532,2xSKYWRrf0HQHzkNbobSc3,1.4754,IfcSlab,2.86
217,3.5,5.7,0.45,40.7001,8.9697,0.4081,#343561,356xIJVab7ygNzSh4wYpOE,1.8516,IfcSlab,4.5375
218,1.6,1.7599,0.45,5.8477,10.7107,1.1083,#343590,356xIJVab7ygNzSh4wYmak,0.6051,IfcSlab,0.546
219,4.33,1.45,0.7,15.705,6.0843,0.4826,#343751,3PXNsrAAT38exyyRyg7SpO,1.2456,IfcSlab,2.5812
220,7.95,1.65,0.4,10.15,16.8325,3.9754,#344104,3PXNsrAAT38exyyRyg7V2l,2.3971,IfcSlab,0.603
221,4.28,1.45,0.7,15.53,6.0902,0.4831,#344133,3PXNsrAAT38exyyRyg7V1E,1.2318,IfcSlab,2.55
222,14.45,7.8725,0.4,23.8697,15.807,3.4305,#344173,0CODXtvqr1$f9HrNgf1pO5,5.1802,IfcSlab,1.5101
223,37.6,35.4,0.261,2038.0073,32.9881,0.2409,#367539,3j6nZOabr4qfK2r4Aiyvk8,14.8798,IfcSlab,61.7801
224,2.2,11.5,0.411,45.2926,10.8194,0.7702,#391459,0AfU_MxHn6wuBCkMdv41mJ,3.2242,IfcSlab,4.1862
225,2.7075,2.3,0.31,11.5452,19.9318,1.63,#391782,2UKODqE_T1BvIi6QOVzAAF,0.9442,IfcSlab,0.5792
226,2.8,4.6,0.27,23.86,29.7952,1.8423,#392090,27bPlnidn6XQxakiNF4MKo,1.4754,IfcSlab,0.8008
227,3.5,5.7,0.27,37.5321,29.5411,1.4574,#392093,2gKMv3xmjCOfZIi7e7eLhA,1.8516,IfcSlab,1.2705
228,37.6,35.43,0.35,2235.23,13.5177,0.0886,#399522,2i_mVYcODA2wWwb45WQVp5,14.6507,IfcSlab,165.3556
229,2.7,2.3,0.45,12.8,9.7524,0.7181,#429128,38fpkdPSvBdginbDd_Txpw,0.9425,IfcSlab,1.3125
230,9.3,0.4,6.9,122.94,10.6774,0.2294,#7301,1GsdQYQ3fFwOxWTQcwhZ$R,2.6411,IfcWallStandardCase,11.514
231,1.195,0.295,5.05,10.7621,23.4751,0.6294,#9242,2k6QBl7rL2kukvxOi8N2hj,0.2885,IfcWallStandardCase,0.4584
232,1.1975,0.295,6.65,14.2829,23.3677,0.4732,#9308,2k6QBl7rL2kukvxOi8N2gx,0.2893,IfcWallStandardCase,0.6112
233,0.295,1.095,5.6,10.862,23.6576,0.5659,#9341,2k6QBl7rL2kukvxOi8N2jF,0.2598,IfcWallStandardCase,0.4591
234,1.1025,0.295,5.6,10.9445,23.6391,0.5658,#9374,2k6QBl7rL2kukvxOi8N2jA,0.262,IfcWallStandardCase,0.463
235,1.2025,0.295,5.95,12.8117,23.3955,0.5308,#9407,2k6QBl7rL2kukvxOi8N2kR,0.2907,IfcWallStandardCase,0.5476
236,11.065,0.295,7.05,146.1195,21.6557,0.4695,#9440,2k6QBl7rL2kukvxOi8N2om,3.168,IfcWallStandardCase,6.7474
237,11.8998,0.295,1.65,36.4279,22.6029,2.0957,#9498,2Ev1Lwl4v0JfZr7LejdT5v,3.3776,IfcWallStandardCase,1.6116
238,9.8975,0.295,1.65,30.2408,22.6382,2.0957,#12667,3qrzr45DL7MfuFmanBFUah,2.7996,IfcWallStandardCase,1.3358
239,2.51,0.295,1.65,7.4134,23.2977,2.0974,#12700,0vkBghsdT0Se7ZFKUZE72M,0.6674,IfcWallStandardCase,0.3182
240,9.095,0.295,1.65,27.7611,22.6568,2.0958,#14646,1lzJJK6mXDZfHYnEtZzRL9,2.5679,IfcWallStandardCase,1.2253
241,1.1975,0.295,4.7,10.022,23.5021,0.6783,#14679,0byRswvo1FHPlcpWhtMetl,0.2893,IfcWallStandardCase,0.4264
242,5.5469,0.295,1.65,16.7974,22.806,2.096,#16281,0byRswvo1FHPlcpWhtMetx,1.5438,IfcWallStandardCase,0.7365
243,2.5,0.295,1.65,7.3825,23.3015,2.0974,#17069,0byRswvo1FHPlcpWhtMeAJ,0.6645,IfcWallStandardCase,0.3168
244,0.3,0.4,4.7,2.74,30.4444,0.7172,#17152,0byRswvo1FHPlcpWhtMe0c,0.0645,IfcWallStandardCase,0.09
245,1.2,0.4,4.7,11.2,12.4444,0.3271,#17203,0_LVa6rf5BsedC2pYkKJIN,0.2944,IfcWallStandardCase,0.9
246,1.2,0.295,4.7,10.045,23.4971,0.6783,#17236,0_LVa6rf5BsedC2pYkKJII,0.29,IfcWallStandardCase,0.4275
247,1.185,0.295,4.7,9.9072,23.5275,0.6784,#20101,0dcCxkSE15S8HwM3n2VpIG,0.2857,IfcWallStandardCase,0.4211
248,4.5651,0.295,1.65,13.7636,22.8901,2.0961,#20134,0dcCxkSE15S8HwM3n2VpMS,1.2604,IfcWallStandardCase,0.6013
249,4.5497,0.295,1.65,13.7161,22.8917,2.0961,#21466,00ZDJbEx166ugvsPIDXtx6,1.2559,IfcWallStandardCase,0.5992
250,1.2,0.4,4.7,11.2001,12.4444,0.3271,#22869,00ZDJbEx166ugvsPIDXtmK,0.2944,IfcWallStandardCase,0.9
251,4.1475,0.295,1.65,12.4733,22.9386,2.0963,#24201,00ZDJbEx166ugvsPIDXtNg,1.1399,IfcWallStandardCase,0.5438
252,4.1475,0.295,1.65,12.4732,22.9386,2.0963,#24234,00ZDJbEx166ugvsPIDXtG8,1.1399,IfcWallStandardCase,0.5438
253,0.295,10.8998,1.65,33.338,22.6189,2.0957,#26936,2eJyEaYCD5$vp3sqRDYDUU,3.0889,IfcWallStandardCase,1.4739
254,0.295,6.5,1.65,19.7425,22.7494,2.0959,#29121,0WutJJepX1WBKn3CzXtkDU,1.8189,IfcWallStandardCase,0.8678
255,0.295,8.1175,1.65,24.7406,22.6845,2.0958,#31065,3_6OhM4F99r9_T4NfGhN7g,2.2857,IfcWallStandardCase,1.0906
256,0.295,5.025,1.65,15.1847,22.8464,2.0961,#31098,3EE3qy_9r2PBBVDM9jb8jU,1.3931,IfcWallStandardCase,0.6646
257,0.295,1.2,4.7,10.0449,23.4971,0.6783,#31197,3EE3qy_9r2PBBVDM9jb8$r,0.29,IfcWallStandardCase,0.4275
258,0.295,1.1825,4.7,9.8842,23.5327,0.6784,#31230,3EE3qy_9r2PBBVDM9jb8$u,0.2849,IfcWallStandardCase,0.42
259,0.295,1.2025,4.7,10.0677,23.4921,0.6783,#31265,2GAOpPYbH4SRYdH4UBORs4,0.2907,IfcWallStandardCase,0.4286
260,0.295,5.0725,1.65,15.3316,22.8424,2.096,#31298,0GZ7tiljP2eRLliOUg1ZTT,1.4068,IfcWallStandardCase,0.6712
261,14.3825,0.295,5.5,147.558,21.7033,0.6111,#31331,0vFgjiGXf4X8MA511XyhBY,4.1545,IfcWallStandardCase,6.7989
262,0.295,8.0,5.7,88.327,21.6727,0.5525,#31387,0vFgjiGXf4X8MA511Xyh5f,2.2518,IfcWallStandardCase,4.0755
263,6.5,0.295,5.6,67.0216,21.9642,0.5972,#31420,0vFgjiGXf4X8MA511Xyh7_,1.8224,IfcWallStandardCase,3.0514
264,0.295,1.3,5.6,13.115,23.2412,0.5648,#31497,0vFgjiGXf4X8MA511Xyh18,0.3187,IfcWallStandardCase,0.5643
265,4.33,0.295,5.6,41.0736,22.4693,0.6375,#31530,0vFgjiGXf4X8MA511Xyh0a,1.1653,IfcWallStandardCase,1.828
266,0.295,35.495,4.7,146.1911,22.6827,1.6509,#32170,2fAjQr5i99TwCADZVGjOtB,10.6403,IfcWallStandardCase,6.445
267,37.7,0.35,0.9,63.96,16.2438,2.7493,#72511,0i9$JmG11Fw9E4CNFJFVm4,10.8254,IfcWallStandardCase,3.9375
268,37.77,0.295,1.6,112.6004,22.5344,2.1705,#72592,0i9$JmG11Fw9E4CNFJFVeD,10.8456,IfcWallStandardCase,4.9968
269,37.69,0.295,0.8,52.2251,24.4393,5.0645,#82140,3PeSjAy_jD1QzCUzvp7QBY,10.8225,IfcWallStandardCase,2.1369
270,37.595,0.295,0.8,52.0931,24.4394,5.0645,#108288,3PeSjAy_jD1QzCUzvp7RIF,10.795,IfcWallStandardCase,2.1315
271,0.35,28.365,5.0,50.9776,16.2574,2.5323,#119780,3fRFhSMAX7dA7SlQYhGt2Y,7.9403,IfcWallStandardCase,3.1356
272,37.77,0.295,0.9,59.8693,23.963,4.341,#119871,3fRFhSMAX7dA7SlQYhGtm8,10.8456,IfcWallStandardCase,2.4984
273,2.7,0.4,5.2,28.0,11.2,0.2896,#163740,2JZkNUIYX3Oe5duEtnBooY,0.724,IfcWallStandardCase,2.5
274,3.1,0.4,5.2,32.16,11.0897,0.2894,#163773,2JZkNUIYX3Oe5duEtnBooj,0.8391,IfcWallStandardCase,2.9
275,0.4,12.8,5.2,122.96,10.843,0.3232,#163806,2JZkNUIYX3Oe5duEtnBooi,3.6647,IfcWallStandardCase,11.34
276,5.9,0.4,5.2,61.28,10.7509,0.2889,#163862,2JZkNUIYX3Oe5duEtnBool,1.6465,IfcWallStandardCase,5.7
277,3.0,0.4,5.2,31.12,11.1143,0.2894,#163895,2JZkNUIYX3Oe5duEtnBoof,0.8103,IfcWallStandardCase,2.8
278,2.8,0.4,5.2,29.04,11.1692,0.2895,#163928,2JZkNUIYX3Oe5duEtnBooe,0.7528,IfcWallStandardCase,2.6
279,6.5,0.4,5.05,61.33,11.0924,0.3293,#163961,2JZkNUIYX3Oe5duEtnBooh,1.8208,IfcWallStandardCase,5.529
280,0.4,5.7,5.2,59.2,10.7636,0.2889,#164015,2JZkNUIYX3Oe5duEtnBoog,1.5888,IfcWallStandardCase,5.5
281,0.4,11.5,5.2,119.52,10.577,0.2887,#164048,2JZkNUIYX3Oe5duEtnBooL,3.2625,IfcWallStandardCase,11.3
282,3.0,0.4,5.2,25.36,11.7844,0.4073,#164081,2JZkNUIYX3Oe5duEtnBooK,0.8765,IfcWallStandardCase,2.152
283,2.8,0.4,4.9,27.36,11.1948,0.308,#164114,2JZkNUIYX3Oe5duEtnBooM,0.7528,IfcWallStandardCase,2.444
284,0.4,4.0,5.05,40.32,10.9387,0.298,#164393,2JZkNUIYX3Oe5duEtnBooS,1.0985,IfcWallStandardCase,3.686
285,0.4,5.9,5.2,61.28,10.7509,0.2889,#164426,2JZkNUIYX3Oe5duEtnBooV,1.6465,IfcWallStandardCase,5.7
286,0.4,6.7,5.2,69.6,10.7077,0.2888,#164459,2JZkNUIYX3Oe5duEtnBooU,1.8773,IfcWallStandardCase,6.5
287,0.295,1.095,5.5,10.6641,23.6646,0.5766,#166776,3K3ZJOUDr2$w$puUyLgPZh,0.2598,IfcWallStandardCase,0.4506
288,0.325,0.3,4.7,2.05,36.4444,0.8215,#166884,0iI0GoM150DBaFqHiK5PSM,0.0462,IfcWallStandardCase,0.0563
289,0.325,0.3,4.7,2.0499,36.447,0.8216,#166940,0iI0GoM150DBaFqHiK5PGV,0.0462,IfcWallStandardCase,0.0562
290,0.4,1.2001,4.7,11.2012,12.4442,0.3271,#166994,0iI0GoM150DBaFqHiK5PLQ,0.2944,IfcWallStandardCase,0.9001
291,0.325,0.3,4.7,2.05,36.4445,0.8215,#167044,0iI0GoM150DBaFqHiK5P8P,0.0462,IfcWallStandardCase,0.0562
292,0.298,0.325,4.7,2.0315,36.8526,0.8318,#167094,0iI0GoM150DBaFqHiK5PCZ,0.0459,IfcWallStandardCase,0.0551
293,0.3015,0.325,4.7,2.0639,36.1489,0.8141,#167127,2dfV06I2rElQwCOTp$1WXk,0.0465,IfcWallStandardCase,0.0571
294,1.185,0.4,4.7,11.059,12.4749,0.3273,#167227,2dfV06I2rElQwCOTp$1W$v,0.2901,IfcWallStandardCase,0.8865
295,0.3005,0.325,4.7,2.0546,36.345,0.819,#167327,2vjWxPtgX9gBPh0vYcD0HX,0.0463,IfcWallStandardCase,0.0565
296,0.3004,0.325,5.0,2.1887,36.3427,0.7684,#167410,2vjWxPtgX9gBPh0vYcD7_W,0.0463,IfcWallStandardCase,0.0602
297,0.4,0.3,4.7,2.74,30.4444,0.7172,#167510,1QSYqTBFDCA9WgP2OuN12j,0.0645,IfcWallStandardCase,0.09
298,0.4,1.25,4.7,11.67,12.3492,0.3265,#167560,1QSYqTBFDCA9WgP2OuN1vr,0.3086,IfcWallStandardCase,0.945
299,0.295,28.395,0.8,39.305,24.4569,5.0645,#167943,1QSYqTBFDCA9WgP2OuN3Ge,8.1392,IfcWallStandardCase,1.6071
300,0.295,28.38,1.6,84.5242,22.5522,2.1705,#167976,1QSYqTBFDCA9WgP2OuN3M9,8.1349,IfcWallStandardCase,3.7479
301,0.295,0.565,2.3,2.0013,27.4845,1.4952,#168009,1QSYqTBFDCA9WgP2OuN3Ls,0.1089,IfcWallStandardCase,0.0728
302,0.295,34.895,0.8,48.3401,24.4436,5.0645,#178650,0mv1r4WXrEuRWGcJMZgXYc,10.0156,IfcWallStandardCase,1.9776
303,0.295,34.895,1.6,104.0042,22.5388,2.1705,#178683,0mv1r4WXrEuRWGcJMZgXYO,10.0156,IfcWallStandardCase,4.6144
304,0.295,34.88,0.8,48.3192,24.4436,5.0645,#188615,0mv1r4WXrEuRWGcJMZg_ll,10.0113,IfcWallStandardCase,1.9768
305,0.295,34.88,1.6,103.9593,22.5389,2.1705,#188648,0mv1r4WXrEuRWGcJMZg_lX,10.0113,IfcWallStandardCase,4.6124
306,0.295,34.975,1.6,104.2434,22.5387,2.1705,#218677,0mv1r4WXrEuRWGcJMZg_2s,10.0387,IfcWallStandardCase,4.6251
307,0.295,0.885,2.7,4.03,24.7725,1.2271,#218710,0mv1r4WXrEuRWGcJMZg_2e,0.1996,IfcWallStandardCase,0.1627
308,0.295,34.975,1.3,83.3213,22.9283,2.7625,#218743,0mv1r4WXrEuRWGcJMZg_Or,10.0387,IfcWallStandardCase,3.634
309,0.295,34.975,3.0,201.8795,21.8244,1.0852,#218776,0mv1r4WXrEuRWGcJMZg_Ot,10.0387,IfcWallStandardCase,9.2502
310,0.35,34.85,5.0,62.4788,16.1704,2.5417,#228768,2ElaMl3GL2$8t5ROuFOtO8,9.8205,IfcWallStandardCase,3.8638
311,0.295,35.0,1.6,104.3181,22.5387,2.1705,#235838,2ElaMl3GL2$8t5ROuFOtPI,10.0459,IfcWallStandardCase,4.6284
312,37.675,0.295,1.6,112.3163,22.5346,2.1705,#254443,2ElaMl3GL2$8t5ROuFOqSj,10.8181,IfcWallStandardCase,4.9842
313,37.675,0.295,3.0,217.5124,21.8203,1.0852,#263496,2ElaMl3GL2$8t5ROuFOqIZ,10.8181,IfcWallStandardCase,9.9684
314,37.595,0.295,2.4496,175.7832,21.9951,1.3507,#272276,2ElaMl3GL2$8t5ROuFOqIz,10.795,IfcWallStandardCase,7.9919
315,10.9,0.35,5.7,116.87,14.0511,0.3759,#272309,0fJr$TBdv5Rxrp$0xBRkOw,3.127,IfcWallStandardCase,8.3175
316,9.3,0.32,5.2,88.472,17.5123,0.5234,#272378,0fJr$TBdv5Rxrp$0xBRk0a,2.644,IfcWallStandardCase,5.052
317,0.295,28.38,1.45,76.0417,22.7236,2.431,#278944,0fJr$TBdv5Rxrp$0xBRk8X,8.1349,IfcWallStandardCase,3.3464
318,0.295,0.565,2.7,2.3693,27.3321,1.256,#278977,0fJr$TBdv5Rxrp$0xBRk8Z,0.1089,IfcWallStandardCase,0.0867
319,0.295,28.395,1.3,67.595,22.9417,2.7625,#285369,0fJr$TBdv5Rxrp$0xBRkCL,8.1392,IfcWallStandardCase,2.9464
320,0.295,28.38,3.0,163.6942,21.8379,1.0853,#285402,0fJr$TBdv5Rxrp$0xBRkCN,8.1349,IfcWallStandardCase,7.4959
321,0.35,2.47,5.7,27.301,14.578,0.3507,#285468,0fJr$TBdv5Rxrp$0xBRlXd,0.6567,IfcWallStandardCase,1.8728
322,9.3,0.32,4.55,76.486,17.6146,0.6093,#285618,0fJr$TBdv5Rxrp$0xBReXe,2.6455,IfcWallStandardCase,4.3422
323,9.3,0.32,4.3,71.876,17.6634,0.6503,#285708,0fJr$TBdv5Rxrp$0xBReYj,2.6461,IfcWallStandardCase,4.0692
324,9.298,0.32,4.3,71.8591,17.6635,0.6503,#285798,0fJr$TBdv5Rxrp$0xBReal,2.6455,IfcWallStandardCase,4.0682
325,1.095,0.295,2.8444,5.406,24.0436,1.1556,#286149,2tf$i7ZN95_h1HUSlt7vOK,0.2598,IfcWallStandardCase,0.2248
326,0.325,0.3,4.7,2.05,36.4444,0.8215,#289025,3hi_RkPgv7Lfbo_HxsGGFA,0.0462,IfcWallStandardCase,0.0562
327,0.325,0.298,4.7,2.0315,36.8526,0.8318,#289125,3hi_RkPgv7Lfbo_HxsGGC_,0.0459,IfcWallStandardCase,0.0551
328,1.0875,0.295,5.5,10.5831,23.6835,0.5766,#292381,2faKpLevX8Yh_0SGXzO2QD,0.2577,IfcWallStandardCase,0.4469
329,1.515,0.295,1.65,4.3388,23.9529,2.1011,#292414,2faKpLevX8Yh_0SGXzO2oZ,0.3806,IfcWallStandardCase,0.1811
330,2.5,0.35,5.75,27.8849,14.5633,0.3475,#292447,2faKpLevX8Yh_0SGXzO2q3,0.6654,IfcWallStandardCase,1.9147
331,0.3,0.4,5.45,3.19,30.381,0.6148,#293208,1Lb3pgOAr8ceco_0vL1b87,0.0645,IfcWallStandardCase,0.105
332,1.515,0.295,1.75,4.6208,23.8639,1.9656,#293241,1Lb3pgOAr8ceco_0vL1b_4,0.3806,IfcWallStandardCase,0.1936
333,0.3,0.3,5.0,1.94,40.4167,0.8505,#293616,2AEiJctJDFsuSDSo5dPDv_,0.0408,IfcWallStandardCase,0.048
334,0.3004,0.3,5.0,1.9436,40.3427,0.8489,#293853,2AEiJctJDFsuSDSo5dPDJ9,0.0409,IfcWallStandardCase,0.0482
335,2.9525,0.4,4.8,27.4322,11.2968,0.3339,#294109,2RNvvCaGTFgPse2apPkPH2,0.8108,IfcWallStandardCase,2.4283
336,0.4,12.7825,4.8,119.272,10.6914,0.331,#294163,2RNvvCaGTFgPse2apPkPOE,3.6926,IfcWallStandardCase,11.1559
337,10.7,0.4,4.8,102.64,10.6253,0.3138,#294196,2RNvvCaGTFgPse2apPkPOF,3.0316,IfcWallStandardCase,9.66
338,8.1,0.4,4.8,77.6801,10.6879,0.3139,#294229,2RNvvCaGTFgPse2apPkPOo,2.2813,IfcWallStandardCase,7.268
339,0.4,5.7,4.8,54.64,10.7984,0.314,#294262,2RNvvCaGTFgPse2apPkPOq,1.5888,IfcWallStandardCase,5.06
340,0.4,6.7,4.2,56.2,10.8077,0.361,#294295,2RNvvCaGTFgPse2apPkPOr,1.8773,IfcWallStandardCase,5.2
341,2.8,0.4,4.2,23.44,11.2692,0.3619,#294328,2RNvvCaGTFgPse2apPkPOv,0.7528,IfcWallStandardCase,2.08
342,0.4,7.1,4.8,68.08,10.7246,0.3139,#294361,2RNvvCaGTFgPse2apPkPT4,1.9927,IfcWallStandardCase,6.348
343,2.8,0.4,4.2,23.4399,11.2692,0.3619,#294394,2RNvvCaGTFgPse2apPkPck,0.7528,IfcWallStandardCase,2.08
344,0.295,13.0425,4.75,120.1713,21.6479,0.6679,#294427,34TPOhRpT8TQTd1HHxG1Ug,3.7074,IfcWallStandardCase,5.5512
345,0.5825,0.295,4.75,4.4179,26.7209,0.6881,#294460,34TPOhRpT8TQTd1HHxG12k,0.1138,IfcWallStandardCase,0.1653
346,11.3525,0.295,4.75,104.4713,21.6715,0.6679,#294493,34TPOhRpT8TQTd1HHxG16e,3.2196,IfcWallStandardCase,4.8207
347,0.295,7.37,4.75,67.4737,21.7711,0.6679,#294526,34TPOhRpT8TQTd1HHxG17I,2.07,IfcWallStandardCase,3.0992
348,0.295,5.395,4.75,49.1261,21.8772,0.668,#294559,34TPOhRpT8TQTd1HHxG1A0,1.4999,IfcWallStandardCase,2.2455
349,8.075,0.295,4.75,74.0234,21.7462,0.6679,#294592,34TPOhRpT8TQTd1HHxG1Cr,2.2735,IfcWallStandardCase,3.404
350,16.2,0.4,1.5,48.52,11.6635,1.1104,#294760,0_MnuT_WT7NhfBfSUg3Dst,4.6192,IfcWallStandardCase,4.16
351,0.4,7.57,1.5,22.63,11.8098,1.1107,#294793,0_MnuT_WT7NhfBfSUg3Dpi,2.1283,IfcWallStandardCase,1.9162
352,0.4,35.43,1.5,106.21,11.5952,1.1103,#294826,0_MnuT_WT7NhfBfSUg3De0,10.1702,IfcWallStandardCase,9.1598
353,0.4,28.9,1.5,86.62,11.6081,1.1103,#294859,0_MnuT_WT7NhfBfSUg3Dhe,8.2852,IfcWallStandardCase,7.462
354,37.2,0.4,1.5,111.5201,11.5925,1.1103,#294892,0_MnuT_WT7NhfBfSUg3Dad,10.6811,IfcWallStandardCase,9.62
355,10.7,0.4,1.5,32.02,11.7289,1.1105,#294925,0_MnuT_WT7NhfBfSUg3Ddn,3.0316,IfcWallStandardCase,2.73
356,4.8,0.4,1.5,14.32,11.9732,1.1113,#294958,0_MnuT_WT7NhfBfSUg3DXW,1.3292,IfcWallStandardCase,1.196
357,3.7,0.4,1.5,11.02,12.1099,1.1121,#294991,0_MnuT_WT7NhfBfSUg3DYB,1.012,IfcWallStandardCase,0.91
358,0.4,1.1,1.5,3.22,13.7607,1.1374,#295024,0_MnuT_WT7NhfBfSUg3DYj,0.2661,IfcWallStandardCase,0.234
359,0.4,2.2,1.5,6.52,12.5385,1.1158,#295057,0_MnuT_WT7NhfBfSUg3DZD,0.5802,IfcWallStandardCase,0.52
360,0.3,0.3002,5.0,1.9416,40.3839,0.8498,#295255,36LqJ4LlrEOxDVGlxoUv8C,0.0409,IfcWallStandardCase,0.0481
361,0.3,0.3025,5.0,1.9645,39.9289,0.8402,#295288,36LqJ4LlrEOxDVGlxoUvMy,0.0413,IfcWallStandardCase,0.0492
362,1.7,0.5,4.2,15.3,8.5,0.2453,#296622,0Zk7zH719FXPcnY68eNUew,0.4416,IfcWallStandardCase,1.8
363,0.5,17.8,6.0,218.1996,7.1251,0.1659,#296661,0Zk7zH719FXPcnY68eNUrv,5.0814,IfcWallStandardCase,30.6239
364,3.5,12.2369,4.2,108.7942,7.3296,0.2406,#296703,0Zk7zH719FXPcnY68eNUti,3.5718,IfcWallStandardCase,14.8432
365,0.5,4.8123,4.2,41.9161,7.6037,0.2411,#296745,0Zk7zH719FXPcnY68eNUnJ,1.329,IfcWallStandardCase,5.5126
366,42.8,0.5,4.2,368.76,7.2136,0.2406,#296778,0Zk7zH719FXPcnY68eNUpY,12.2979,IfcWallStandardCase,51.12
367,0.5,36.3,4.2,312.86,7.2221,0.2406,#296811,0Zk7zH719FXPcnY68eNUzx,10.4215,IfcWallStandardCase,43.32
368,22.6,0.5,6.0,276.76,7.1008,0.1659,#297067,0Zk7zH719FXPcnY68eNTMc,6.4669,IfcWallStandardCase,38.976
369,2.7,0.4,4.2,22.6,11.3,0.362,#297100,0Zk7zH719FXPcnY68eNTa6,0.724,IfcWallStandardCase,2.0
370,5.7,0.4,4.2,47.8,10.8636,0.3611,#297133,0Zk7zH719FXPcnY68eNTa7,1.5888,IfcWallStandardCase,4.4
371,0.4001,13.6796,4.2,106.3403,10.8874,0.4133,#297254,0Zk7zH719FXPcnY68eNTa4,4.0369,IfcWallStandardCase,9.7673
372,5.9,0.4,4.2,42.1888,11.5356,0.4588,#297287,0Zk7zH719FXPcnY68eNTa5,1.6778,IfcWallStandardCase,3.6573
373,0.4,4.4,4.2,36.88,10.9762,0.3613,#297364,0Zk7zH719FXPcnY68eNTaA,1.2138,IfcWallStandardCase,3.36
374,0.4,6.4,2.9018,37.0637,11.0628,0.5345,#297397,0Zk7zH719FXPcnY68eNTaB,1.7907,IfcWallStandardCase,3.3503
375,3.0,0.4,4.2,25.12,11.2143,0.3618,#297430,0Zk7zH719FXPcnY68eNTa8,0.8103,IfcWallStandardCase,2.24
376,5.7,0.4,4.2,44.44,11.1658,0.3758,#297463,0Zk7zH719FXPcnY68eNTa9,1.4957,IfcWallStandardCase,3.98
377,0.4,5.7,4.2,47.8,10.8636,0.3611,#297496,0Zk7zH719FXPcnY68eNTaE,1.5888,IfcWallStandardCase,4.4
378,5.4008,0.4,4.2,38.5531,11.3266,0.4575,#297594,23FjQs8pr1MQ99DzzBCGFL,1.5574,IfcWallStandardCase,3.4038
379,6.8026,6.9108,4.2,81.6218,10.6664,0.3447,#297958,23FjQs8pr1MQ99DzzBCGF6,2.6375,IfcWallStandardCase,7.6523
380,5.4,0.4,4.2,45.28,10.8846,0.3611,#297991,23FjQs8pr1MQ99DzzBCGFu,1.5022,IfcWallStandardCase,4.16
381,0.4,2.3,4.2,15.5944,12.6924,0.5596,#298024,2Ibj8IuaHB$9z3V7elftvi,0.6876,IfcWallStandardCase,1.2286
382,5.2,0.4,6.0,55.5999,11.023,0.3044,#298097,0wtK2HqQDDqvZlGHYqooWG,1.5352,IfcWallStandardCase,5.044
383,0.4,3.6,6.0,43.1196,10.9331,0.2493,#298130,0wtK2HqQDDqvZlGHYqooW5,0.9832,IfcWallStandardCase,3.944
384,11.2284,12.5,11.5002,417.1591,10.5901,0.1237,#298363,0wtK2HqQDDqvZlGHYqooWA,4.8733,IfcWallStandardCase,39.3914
385,5.32,0.25,1.4,12.92,42.0573,4.8115,#298471,0t0zSsmLbCUQpNnrACqVK6,1.4781,IfcWallStandardCase,0.3072
386,17.1,0.5,4.2,147.74,7.285,0.2406,#300536,0$uXMwvobE_B1E41tjNHnC,4.8794,IfcWallStandardCase,20.28
387,0.5,20.3246,6.0,242.6504,7.1207,0.1699,#300626,0$uXMwvobE_B1E41tjNHnI,5.7894,IfcWallStandardCase,34.0769
388,3.5,12.2369,5.7986,149.3066,7.1868,0.1719,#300668,0$uXMwvobE_B1E41tjNHnG,3.5718,IfcWallStandardCase,20.7751
389,0.5,4.8123,6.15,61.0065,7.4398,0.1621,#300710,0$uXMwvobE_B1E41tjNHnM,1.329,IfcWallStandardCase,8.2
390,42.8,0.5,5.65,464.7191,7.1023,0.1852,#300759,0$uXMwvobE_B1E41tjNHnK,12.1205,IfcWallStandardCase,65.432
391,0.5,36.6,4.1,308.1,7.2344,0.2467,#300846,0$uXMwvobE_B1E41tjNHnQ,10.5081,IfcWallStandardCase,42.588
392,22.6,0.5,5.7185,254.5953,7.1382,0.1815,#300917,0$uXMwvobE_B1E41tjNHnv,6.4742,IfcWallStandardCase,35.6667
393,2.7,0.4,5.4,29.08,11.1846,0.2785,#300950,0$uXMwvobE_B1E41tjNHs1,0.724,IfcWallStandardCase,2.6
394,5.7,0.4,5.15,58.63,10.7677,0.2918,#300983,0$uXMwvobE_B1E41tjNHs6,1.5888,IfcWallStandardCase,5.445
395,0.4001,13.6796,5.15,140.7115,10.5525,0.2916,#301104,0$uXMwvobE_B1E41tjNHs7,3.8886,IfcWallStandardCase,13.3344
396,5.9,0.4,5.4,63.64,10.7355,0.2777,#301137,0$uXMwvobE_B1E41tjNHs4,1.6465,IfcWallStandardCase,5.928
397,0.4,4.4,5.4,47.44,10.8608,0.2779,#301170,0$uXMwvobE_B1E41tjNHs5,1.2138,IfcWallStandardCase,4.368
398,0.4,13.5,5.4,145.72,10.535,0.2776,#301203,0$uXMwvobE_B1E41tjNHsA,3.8398,IfcWallStandardCase,13.832
399,3.0,0.4,5.4,32.32,11.0989,0.2783,#301236,0$uXMwvobE_B1E41tjNHsB,0.8103,IfcWallStandardCase,2.912
400,5.7,0.4,5.15,55.27,10.999,0.3022,#301269,0$uXMwvobE_B1E41tjNHs8,1.5183,IfcWallStandardCase,5.025
401,0.4,5.7,5.15,58.63,10.7677,0.2918,#301302,0$uXMwvobE_B1E41tjNHs9,1.5888,IfcWallStandardCase,5.445
402,5.7,0.4,5.4,61.48,10.7483,0.2778,#301335,0$uXMwvobE_B1E41tjNHsE,1.5888,IfcWallStandardCase,5.72
403,6.8026,6.8026,5.65,108.68,10.5792,0.2543,#301404,0$uXMwvobE_B1E41tjNHsI,2.6123,IfcWallStandardCase,10.273
404,10.2,0.4,5.4,110.0799,10.5846,0.2776,#301437,0$uXMwvobE_B1E41tjNHsG,2.8873,IfcWallStandardCase,10.4
405,0.4,2.3,5.4,24.76,11.337,0.2788,#301470,0$uXMwvobE_B1E41tjNHsM,0.609,IfcWallStandardCase,2.184
406,0.4,3.8,5.95,45.14,10.9034,0.2514,#301503,0$uXMwvobE_B1E41tjNHsL,1.0408,IfcWallStandardCase,4.14
407,0.4,13.5,4.2,108.28,10.8628,0.3949,#301725,2m0S1uE8TFYwwWgB6rghnv,3.9362,IfcWallStandardCase,9.968
408,0.5,2.7247,4.2,23.9623,7.9677,0.2423,#302040,2m0S1uE8TFYwwWgB6rghFw,0.7287,IfcWallStandardCase,3.0074
409,5.8697,0.4002,6.0,69.9793,10.7131,0.249,#310844,2m0S1uE8TFYwwWgB6rgg9s,1.6267,IfcWallStandardCase,6.5321
410,0.4012,5.8464,6.0,69.1948,10.8671,0.2492,#310911,2m0S1uE8TFYwwWgB6rggLe,1.5869,IfcWallStandardCase,6.3673
411,0.4,0.9633,1.2,2.2318,14.6203,1.4921,#342223,2KoXmzd6903RNEjc4o$4as,0.2278,IfcWallStandardCase,0.1527
412,7.75,0.4012,1.2,18.52,12.2649,1.4439,#342265,2KoXmzd6903RNEjc4o$4gx,2.1803,IfcWallStandardCase,1.51
413,0.4,7.6121,1.95,29.6069,11.4127,0.8251,#342311,2KoXmzd6903RNEjc4o$4eb,2.1404,IfcWallStandardCase,2.5942
414,0.4,2.7854,1.2,6.6049,12.7736,1.4477,#342344,2KoXmzd6903RNEjc4o$5Mz,0.7486,IfcWallStandardCase,0.5171
415,2.85,0.4,1.95,11.035,11.8976,0.8271,#342377,2KoXmzd6903RNEjc4o$5M9,0.7672,IfcWallStandardCase,0.9275
416,6.15,0.4,1.2,14.68,12.3361,1.4442,#342410,2KoXmzd6903RNEjc4o$5K1,1.7186,IfcWallStandardCase,1.19
417,1.97,0.4,1.2,4.648,13.1299,1.4526,#342443,2KoXmzd6903RNEjc4o$5Qi,0.5142,IfcWallStandardCase,0.354
418,2.2,0.4,1.2,5.2,13.0,1.4506,#342476,2KoXmzd6903RNEjc4o$5Q1,0.5802,IfcWallStandardCase,0.4
419,0.4,0.7,1.2,1.6,16.0,1.5546,#342509,2KoXmzd6903RNEjc4o$5R0,0.1555,IfcWallStandardCase,0.1
420,1.58,0.4,1.2,3.7119,13.4493,1.4585,#342575,2KoXmzd6903RNEjc4o$5UT,0.4025,IfcWallStandardCase,0.276
421,1.2824,1.2824,1.2,3.7929,13.4147,1.4059,#342644,2KoXmzd6903RNEjc4o$5VT,0.3975,IfcWallStandardCase,0.2827
422,2.8,0.4,1.2,6.6401,12.7692,1.4476,#342677,3hAgqVAT95pu6LYQQ70485,0.7528,IfcWallStandardCase,0.52
423,2.95,0.4,1.2,6.9999,12.7273,1.4472,#342809,3hAgqVAT95pu6LYQQ7048D,0.7959,IfcWallStandardCase,0.55
424,0.4,6.605,1.5,19.735,11.8507,1.1108,#342842,3hAgqVAT95pu6LYQQ7040N,1.8499,IfcWallStandardCase,1.6653
425,0.4,6.605,1.2,15.772,12.3123,1.4441,#342875,3hAgqVAT95pu6LYQQ7043c,1.8499,IfcWallStandardCase,1.281
426,3.0,0.4,1.5,8.92,12.2527,1.1131,#342908,3hAgqVAT95pu6LYQQ7042J,0.8103,IfcWallStandardCase,0.728
427,13.85,0.4,1.2,33.16,12.1465,1.4435,#342941,2eQOl7m6P7b8LiXWFP1A54,3.9408,IfcWallStandardCase,2.73
428,7.65,0.4,1.2,18.28,12.2685,1.4439,#342974,2eQOl7m6P7b8LiXWFP1A4Y,2.1514,IfcWallStandardCase,1.49
429,0.4,0.9133,1.2,2.1118,14.804,1.499,#343007,2eQOl7m6P7b8LiXWFP1A6k,0.2138,IfcWallStandardCase,0.1427
430,3.2,0.4,1.2,7.6,12.6667,1.4466,#343142,2eQOl7m6P7b8LiXWFP1And,0.8679,IfcWallStandardCase,0.6
431,0.35,0.805,5.7,8.4865,17.0028,0.3605,#343474,0JcEr35yPC$Q9uGe23HwZv,0.1799,IfcWallStandardCase,0.4991
432,0.295,2.305,5.05,21.7399,22.4151,0.6272,#343623,356xIJVab7ygNzSh4wYmqZ,0.6083,IfcWallStandardCase,0.9699
433,5.2,0.5,4.2,45.4,7.5667,0.241,#343656,0HNixArOrE6RcJSCt6zFK4,1.446,IfcWallStandardCase,6.0
434,9.7,0.5,4.2,84.1,7.3772,0.2407,#343689,0HNixArOrE6RcJSCt6zFH3,2.7438,IfcWallStandardCase,11.4
435,0.295,2.305,2.8444,12.0354,22.7591,1.1503,#343722,3xRqw_lTT7ARnHjV$gLQsz,0.6083,IfcWallStandardCase,0.5288
436,0.35,1.3,3.05,7.455,15.8533,0.6815,#344056,3PXNsrAAT38exyyRyg7VOH,0.3205,IfcWallStandardCase,0.4703
437,5.0,0.4,4.85,48.4199,10.8468,0.3107,#344206,0OK9Iu4NbCagRYhPxqAXa6,1.3868,IfcWallStandardCase,4.464
438,0.295,1.1,6.65,13.0065,23.5849,0.4737,#362315,1MOyYsgvrE2gIbssn4cGFO,0.2613,IfcWallStandardCase,0.5515
439,0.295,1.2,6.65,14.3153,23.3627,0.4732,#362348,1MOyYsgvrE2gIbssn4cNo$,0.29,IfcWallStandardCase,0.6127
440,0.295,1.1825,6.75,14.3019,23.3936,0.4661,#362381,1MOyYsgvrE2gIbssn4cNoB,0.2849,IfcWallStandardCase,0.6114
441,0.295,1.0998,5.5,10.7155,23.6528,0.5765,#362414,1MOyYsgvrE2gIbssn4cNyF,0.2612,IfcWallStandardCase,0.453
442,0.295,1.1975,5.3,11.333,23.4498,0.5985,#362447,1MOyYsgvrE2gIbssn4cNZW,0.2893,IfcWallStandardCase,0.4833
443,0.295,1.2001,5.2,11.1415,23.4523,0.6105,#362480,1MOyYsgvrE2gIbssn4cNdd,0.29,IfcWallStandardCase,0.4751
444,0.295,1.235,5.15,11.3837,23.389,0.6165,#362513,1MOyYsgvrE2gIbssn4cNd4,0.3,IfcWallStandardCase,0.4867
445,0.295,1.1,5.05,9.8225,23.6872,0.63,#362546,1MOyYsgvrE2gIbssn4cNeK,0.2613,IfcWallStandardCase,0.4147
446,1.1002,0.295,5.5,10.72,23.6518,0.5765,#362579,1MOyYsgvrE2gIbssn4cNIS,0.2613,IfcWallStandardCase,0.4532
447,1.2025,0.295,4.7,10.068,23.4921,0.6783,#362678,1MOyYsgvrE2gIbssn4cN0q,0.2907,IfcWallStandardCase,0.4286
448,1.2,0.295,4.7,10.0451,23.497,0.6783,#362711,1MOyYsgvrE2gIbssn4cN6q,0.29,IfcWallStandardCase,0.4275
449,0.295,1.195,4.7,9.999,23.5071,0.6783,#362744,1MOyYsgvrE2gIbssn4cMmn,0.2885,IfcWallStandardCase,0.4254
450,1.1,0.295,4.7,9.126,23.7193,0.679,#362777,1MOyYsgvrE2gIbssn4cMqj,0.2613,IfcWallStandardCase,0.3847
451,5.5496,0.295,1.65,16.8058,22.8058,2.096,#362810,1MOyYsgvrE2gIbssn4cMyx,1.5445,IfcWallStandardCase,0.7369
452,0.295,1.1,7.05,13.8025,23.5668,0.4461,#362843,3RlR52LQfAhA5Rq75LtXuJ,0.2613,IfcWallStandardCase,0.5857
453,1.075,0.295,4.7,8.8963,23.7828,0.6792,#362876,3RlR52LQfAhA5Rq75LtXyI,0.2541,IfcWallStandardCase,0.3741
454,9.1,0.295,1.65,27.7765,22.6567,2.0958,#362909,3RlR52LQfAhA5Rq75LtXzu,2.5694,IfcWallStandardCase,1.226
455,0.295,1.1,4.7,9.126,23.7193,0.679,#362942,3RlR52LQfAhA5Rq75LtX6F,0.2613,IfcWallStandardCase,0.3848
456,0.295,7.2,1.75,23.3245,22.6287,1.9606,#362975,3RlR52LQfAhA5Rq75LtXGB,2.0209,IfcWallStandardCase,1.0308
457,0.295,6.6025,1.75,21.3587,22.6553,1.9607,#363008,3RlR52LQfAhA5Rq75LtXIM,1.8484,IfcWallStandardCase,0.9428
458,0.295,6.465,1.75,20.9064,22.6622,1.9607,#363041,3RlR52LQfAhA5Rq75LtXJy,1.8088,IfcWallStandardCase,0.9225
459,0.295,10.9,1.75,35.4975,22.5299,1.9605,#363074,3RlR52LQfAhA5Rq75LtXNY,3.0889,IfcWallStandardCase,1.5756
460,0.295,2.305,4.7,20.1999,22.4472,0.676,#363107,1g0Az_8Nv5pgCR$ORBqV66,0.6083,IfcWallStandardCase,0.8999
461,1.002,0.295,4.7,8.2256,23.9908,0.68,#363140,1g0Az_8Nv5pgCR$ORBqVAi,0.2331,IfcWallStandardCase,0.3429
462,14.285,0.295,4.7,123.8179,21.8015,0.728,#363173,1XryCeKOzBqft9$Y0GaXHM,4.1347,IfcWallStandardCase,5.6793
463,14.345,0.295,4.3,112.9774,21.8632,0.8054,#363229,1XryCeKOzBqft9$Y0GaXU9,4.162,IfcWallStandardCase,5.1675
464,14.25,0.295,4.3,112.1804,21.8655,0.8053,#363285,1XryCeKOzBqft9$Y0GaXT1,4.1318,IfcWallStandardCase,5.1305
465,14.345,0.295,4.7,124.3694,21.8001,0.7283,#363565,1XryCeKOzBqft9$Y0GaXPJ,4.155,IfcWallStandardCase,5.705
466,14.345,0.295,6.45,174.2094,21.6232,0.5132,#363621,1XryCeKOzBqft9$Y0GaXPC,4.1347,IfcWallStandardCase,8.0566
467,0.295,7.8,4.7,70.699,21.7602,0.6753,#363677,0jmG48kwjEUu9NoxZyyh1Q,2.1941,IfcWallStandardCase,3.249
468,0.295,7.895,4.3,65.34,21.8003,0.7412,#363710,0jmG48kwjEUu9NoxZyyh0L,2.2215,IfcWallStandardCase,2.9972
469,0.295,7.8,4.3,64.543,21.8036,0.7412,#363743,0jmG48kwjEUu9NoxZyyh7h,2.1941,IfcWallStandardCase,2.9602
470,0.295,7.8,6.45,97.6315,21.6358,0.4862,#363941,2ieYXe4AXF29gH2ycaQei3,2.1941,IfcWallStandardCase,4.5125
471,6.5,0.295,4.7,54.859,22.1335,0.7355,#363974,1HMLKiYv11A8Lrf_e4WCed,1.8229,IfcWallStandardCase,2.4786
472,6.5,0.295,4.3,49.924,22.2018,0.8101,#364070,1HMLKiYv11A8Lrf_e4WCf$,1.8217,IfcWallStandardCase,2.2487
473,6.5,0.295,4.3,49.2,22.2559,0.8224,#364166,1HMLKiYv11A8Lrf_e4WDMa,1.8181,IfcWallStandardCase,2.2107
474,6.5,0.295,4.7,53.592,22.2184,0.7523,#364648,1HMLKiYv11A8Lrf_e4WDN9,1.8145,IfcWallStandardCase,2.4121
475,6.5,0.295,6.45,75.1509,22.0628,0.5321,#364744,1HMLKiYv11A8Lrf_e4WDNQ,1.8125,IfcWallStandardCase,3.4062
476,3.0475,0.295,3.5,19.9615,22.3611,0.9213,#364840,2km_Q5x$j4wgyk2rGv8nC_,0.8225,IfcWallStandardCase,0.8927
477,0.295,1.3,4.65,10.8445,23.3203,0.6854,#364873,2km_Q5x$j4wgyk2rGv8n8$,0.3187,IfcWallStandardCase,0.465
478,0.295,1.3,4.3,10.008,23.3586,0.7439,#364906,2km_Q5x$j4wgyk2rGv8nAN,0.3187,IfcWallStandardCase,0.4284
479,0.295,1.3,4.7,10.964,23.3153,0.6778,#365104,2km_Q5x$j4wgyk2rGv8nLv,0.3187,IfcWallStandardCase,0.4702
480,0.295,1.3,6.45,15.1465,23.1908,0.488,#365137,2km_Q5x$j4wgyk2rGv8nLy,0.3187,IfcWallStandardCase,0.6531
481,0.35,0.75,5.75,7.9346,17.3303,0.3594,#365170,1Td4dZIWr2i9P9q763sFOv,0.1646,IfcWallStandardCase,0.4578
482,0.35,0.9,4.3,7.1797,16.6784,0.48,#365203,1Td4dZIWr2i9P9q763sFEi,0.2067,IfcWallStandardCase,0.4305
483,0.35,0.9,4.7,7.8597,16.6351,0.4374,#365335,1Td4dZIWr2i9P9q763s0mq,0.2067,IfcWallStandardCase,0.4725
484,0.35,0.9,6.55,11.0045,16.5056,0.31,#365368,1Td4dZIWr2i9P9q763s0mn,0.2067,IfcWallStandardCase,0.6667
485,2.35,0.35,4.3,19.5049,14.7514,0.4705,#365401,2Lf_JWrGv0MwqjK5GkirYq,0.6222,IfcWallStandardCase,1.3222
486,2.35,0.35,4.7,21.3449,14.708,0.4287,#365533,2Lf_JWrGv0MwqjK5GkirdG,0.6222,IfcWallStandardCase,1.4512
487,2.35,0.35,6.55,29.8548,14.5785,0.3038,#365566,2Lf_JWrGv0MwqjK5GkirvP,0.6222,IfcWallStandardCase,2.0479
488,10.9,0.35,4.3,86.49,14.2476,0.5171,#365599,1icADcKgb6M9bIRREFjKa$,3.1393,IfcWallStandardCase,6.0705
489,0.35,2.375,4.3,19.7175,14.7407,0.4705,#365659,1icADcKgb6M9bIRREFjKam,0.6294,IfcWallStandardCase,1.3376
490,0.35,0.805,4.3,6.3725,17.1269,0.4836,#365692,1icADcKgb6M9bIRREFjKan,0.1799,IfcWallStandardCase,0.3721
491,10.9,0.35,4.7,95.17,14.178,0.467,#366103,1icADcKgb6M9bIRREFjKuZ,3.135,IfcWallStandardCase,6.7125
492,0.35,2.375,4.7,21.5775,14.6973,0.4287,#366163,1icADcKgb6M9bIRREFjKua,0.6294,IfcWallStandardCase,1.4681
493,0.35,0.805,4.7,6.9765,17.0836,0.4406,#366196,1icADcKgb6M9bIRREFjKub,0.1799,IfcWallStandardCase,0.4084
494,10.9,0.35,6.6,136.4,13.9725,0.3198,#366229,1icADcKgb6M9bIRREFjKuO,3.1218,IfcWallStandardCase,9.762
495,0.35,2.47,6.6,31.657,14.5269,0.3014,#366289,1icADcKgb6M9bIRREFjKuP,0.6567,IfcWallStandardCase,2.1792
496,0.35,0.805,6.6,9.8455,16.9516,0.3098,#366322,1icADcKgb6M9bIRREFjKuQ,0.1799,IfcWallStandardCase,0.5808
497,4.33,0.295,4.65,33.1366,22.6963,0.8048,#366355,1BHkiC8PDAw8dCnQfTagiA,1.1749,IfcWallStandardCase,1.46
498,4.155,0.295,4.3,28.7109,22.886,0.8803,#366432,1BHkiC8PDAw8dCnQfTagiY,1.1043,IfcWallStandardCase,1.2545
499,4.305,0.295,4.3,29.9694,22.8261,0.8721,#366509,1BHkiC8PDAw8dCnQfTagir,1.145,IfcWallStandardCase,1.3129
500,4.155,0.295,4.7,31.9509,22.7439,0.7903,#366894,1BHkiC8PDAw8dCnQfTagl4,1.1102,IfcWallStandardCase,1.4048
501,4.155,0.295,6.45,46.1258,22.3659,0.5461,#366971,1BHkiC8PDAw8dCnQfTagl3,1.1262,IfcWallStandardCase,2.0623
502,10.785,0.202,2.91,50.2318,1001.2194,54.9675,#367716,3nP6EfvIz4LfUC29PiUjbW,2.7578,IfcWallStandardCase,0.0502
503,0.202,0.402,2.91,1.1065,1010.639,53.2637,#367804,3nP6EfvIz4LfUC29PiUjE1,0.0583,IfcWallStandardCase,0.0011
504,0.202,0.8,2.91,3.2652,1004.0713,53.2614,#367837,3nP6EfvIz4LfUC29PiUjAN,0.1732,IfcWallStandardCase,0.0033
505,1.002,0.202,2.91,4.3609,1003.2318,53.2613,#367870,3nP6EfvIz4LfUC29PiUj50,0.2315,IfcWallStandardCase,0.0043
506,0.202,1.0,2.91,4.35,1003.238,53.2613,#367903,3nP6EfvIz4LfUC29PiUj2j,0.2309,IfcWallStandardCase,0.0043
507,2.298,0.202,2.91,11.3904,1001.6913,53.2611,#367936,38jVx4QeH0YwZA3CYGsbot,0.6056,IfcWallStandardCase,0.0114
508,0.202,0.6,2.91,2.1804,1005.738,53.2618,#367969,38jVx4QeH0YwZA3CYGsbjZ,0.1155,IfcWallStandardCase,0.0022
509,0.6,0.202,2.91,2.1805,1005.7379,53.2618,#368002,38jVx4QeH0YwZA3CYGsbk8,0.1155,IfcWallStandardCase,0.0022
510,0.202,19.8,2.91,98.1816,1001.0762,59.0039,#368035,38jVx4QeH0YwZA3CYGsbe4,5.7869,IfcWallStandardCase,0.0981
511,6.126,0.202,2.91,32.1535,1001.0755,53.2611,#368112,38jVx4QeH0YwZA3CYGsbgR,1.7107,IfcWallStandardCase,0.0321
512,3.228,0.202,2.91,10.1813,1002.9462,101.8325,#368145,38jVx4QeH0YwZA3CYGsbbc,1.0337,IfcWallStandardCase,0.0102
513,0.202,0.922,2.91,3.927,1003.5081,53.2613,#368201,38jVx4QeH0YwZA3CYGsbdD,0.2084,IfcWallStandardCase,0.0039
514,0.202,8.3,2.91,43.9452,1000.9849,53.2611,#368234,38jVx4QeH0YwZA3CYGsbX8,2.3383,IfcWallStandardCase,0.0439
515,0.202,1.004,2.91,4.3717,1003.2256,53.2613,#368267,38jVx4QeH0YwZA3CYGsbWo,0.2321,IfcWallStandardCase,0.0044
516,0.202,4.2,2.91,21.7068,1001.238,53.2611,#368300,38jVx4QeH0YwZA3CYGsbZ4,1.1547,IfcWallStandardCase,0.0217
517,0.798,0.202,2.91,3.2544,1004.0825,53.2614,#368333,38jVx4QeH0YwZA3CYGsbZW,0.1726,IfcWallStandardCase,0.0032
518,0.798,0.202,2.91,3.2543,1004.0825,53.2614,#368399,2y9L3T48n56vEdksgdyJtO,0.1726,IfcWallStandardCase,0.0032
519,1.0,0.202,2.91,4.35,1003.238,53.2613,#368465,3omIDUQ6f5qvjepGOZQRzZ,0.2309,IfcWallStandardCase,0.0043
520,0.999,0.202,2.91,4.3446,1003.2411,53.2613,#368531,3omIDUQ6f5qvjepGOZQRpZ,0.2307,IfcWallStandardCase,0.0043
521,0.999,0.202,2.91,4.3447,1003.2411,53.2613,#368564,3omIDUQ6f5qvjepGOZQRm8,0.2307,IfcWallStandardCase,0.0043
522,0.202,1.003,2.91,4.3663,1003.2287,53.2613,#368696,3omIDUQ6f5qvjepGOZQRs4,0.2318,IfcWallStandardCase,0.0044
523,0.202,1.001,2.91,4.3555,1003.2349,53.2613,#369488,3omIDUQ6f5qvjepGOZQReC,0.2312,IfcWallStandardCase,0.0043
524,1.003,0.202,2.91,4.3663,1003.2287,53.2613,#369719,3omIDUQ6f5qvjepGOZQRkZ,0.2318,IfcWallStandardCase,0.0044
525,1.002,0.202,2.91,4.3608,1003.2318,53.2613,#369884,3omIDUQ6f5qvjepGOZQRin,0.2315,IfcWallStandardCase,0.0043
526,12.1,0.202,2.91,57.3643,1001.1596,54.5683,#370148,3omIDUQ6f5qvjepGOZQRZy,3.1266,IfcWallStandardCase,0.0573
527,0.202,0.3,2.91,0.5532,1020.738,53.2717,#370204,3omIDUQ6f5qvjepGOZQRZ$,0.0289,IfcWallStandardCase,0.0005
528,0.202,0.802,2.91,3.2761,1004.0603,53.2614,#370601,3omIDUQ6f5qvjepGOZQRZf,0.1738,IfcWallStandardCase,0.0033
529,1.03,0.202,2.91,4.5128,1003.1476,53.2612,#370865,3omIDUQ6f5qvjepGOZQRWH,0.2396,IfcWallStandardCase,0.0045
530,0.202,1.002,2.91,4.3609,1003.2318,53.2613,#371096,3omIDUQ6f5qvjepGOZQRWM,0.2315,IfcWallStandardCase,0.0043
531,1.002,0.202,2.91,4.3607,1003.2319,53.2613,#372119,3omIDUQ6f5qvjepGOZQRWt,0.2315,IfcWallStandardCase,0.0043
532,1.002,0.202,2.91,4.361,1003.2317,53.2613,#372284,3omIDUQ6f5qvjepGOZQRWw,0.2315,IfcWallStandardCase,0.0043
533,1.002,0.202,2.91,4.3611,1003.2317,53.2613,#372482,3omIDUQ6f5qvjepGOZQRWW,0.2315,IfcWallStandardCase,0.0043
534,0.202,0.798,2.91,3.2544,1004.0825,53.2614,#372515,3omIDUQ6f5qvjepGOZQRWZ,0.1726,IfcWallStandardCase,0.0032
535,9.296,0.202,2.91,42.5623,1001.4594,62.275,#372548,3omIDUQ6f5qvjepGOZQRXb,2.6467,IfcWallStandardCase,0.0425
536,1.0775,0.202,2.91,4.7704,1003.0172,53.2612,#373325,2hRYymaC56LuDbjdMeL7VV,0.2533,IfcWallStandardCase,0.0048
537,0.95,0.202,2.91,4.0789,1003.4046,53.2613,#373391,2hRYymaC56LuDbjdMeL7VT,0.2165,IfcWallStandardCase,0.0041
538,0.202,1.032,2.91,4.5236,1003.1419,53.2612,#373556,2hRYymaC56LuDbjdMeL7VO,0.2402,IfcWallStandardCase,0.0045
539,0.202,1.03,2.91,4.5128,1003.1476,53.2612,#374348,2hRYymaC56LuDbjdMeL7Vm,0.2396,IfcWallStandardCase,0.0045
540,1.077,0.202,2.91,4.7675,1003.0186,53.2612,#374579,2hRYymaC56LuDbjdMeL7Vv,0.2532,IfcWallStandardCase,0.0048
541,1.077,0.202,2.91,4.7676,1003.0186,53.2612,#374645,2hRYymaC56LuDbjdMeL7Vd,0.2532,IfcWallStandardCase,0.0048
542,1.0495,0.202,2.91,4.6186,1003.0923,53.2612,#374744,2hRYymaC56LuDbjdMeL7Va,0.2452,IfcWallStandardCase,0.0046
543,1.0495,0.202,2.91,4.6187,1003.0922,53.2612,#374942,2hRYymaC56LuDbjdMeL7Vk,0.2452,IfcWallStandardCase,0.0046
544,12.1,0.202,3.31,66.8859,1001.0183,47.5904,#382448,2hRYymaC56LuDbjdMeL732,3.1799,IfcWallStandardCase,0.0668
545,0.202,0.3,3.31,0.6348,1020.6431,46.4201,#382504,2hRYymaC56LuDbjdMeL731,0.0289,IfcWallStandardCase,0.0006
546,0.202,0.8,3.31,3.7468,1003.9764,46.4111,#382537,2hRYymaC56LuDbjdMeL730,0.1732,IfcWallStandardCase,0.0037
547,1.002,0.202,3.31,5.0041,1003.1369,46.4109,#382570,2hRYymaC56LuDbjdMeL73F,0.2315,IfcWallStandardCase,0.005
548,0.202,1.0,3.31,4.9916,1003.1431,46.4109,#382603,2hRYymaC56LuDbjdMeL73E,0.2309,IfcWallStandardCase,0.005
549,2.298,0.202,3.31,13.0704,1001.5964,46.4108,#382636,2hRYymaC56LuDbjdMeL73D,0.6056,IfcWallStandardCase,0.013
550,0.202,0.6,3.31,2.502,1005.6431,46.4114,#382669,2hRYymaC56LuDbjdMeL73C,0.1155,IfcWallStandardCase,0.0025
551,0.6,0.202,3.31,2.5021,1005.643,46.4114,#382702,2hRYymaC56LuDbjdMeL73B,0.1155,IfcWallStandardCase,0.0025
552,0.202,19.8,3.31,113.8632,1000.9419,50.7237,#382735,2hRYymaC56LuDbjdMeL73A,5.7701,IfcWallStandardCase,0.1138
553,6.126,0.202,3.31,36.8959,1000.9806,46.4108,#382812,2hRYymaC56LuDbjdMeL739,1.7107,IfcWallStandardCase,0.0369
554,3.228,0.202,3.31,12.6053,1002.5059,79.9254,#382845,2hRYymaC56LuDbjdMeL738,1.005,IfcWallStandardCase,0.0126
555,0.202,0.802,3.31,3.7593,1003.9653,46.411,#382901,2hRYymaC56LuDbjdMeL73t,0.1738,IfcWallStandardCase,0.0037
556,0.202,8.3,3.31,50.4268,1000.89,46.4108,#382934,2hRYymaC56LuDbjdMeL73s,2.3383,IfcWallStandardCase,0.0504
557,0.202,1.004,3.31,5.0165,1003.1306,46.4109,#382967,2hRYymaC56LuDbjdMeL73r,0.2321,IfcWallStandardCase,0.005
558,0.202,4.2,3.31,24.9084,1001.1431,46.4108,#383000,2hRYymaC56LuDbjdMeL73q,1.1547,IfcWallStandardCase,0.0249
559,0.798,0.202,3.31,3.7344,1003.9876,46.4111,#383033,2hRYymaC56LuDbjdMeL73p,0.1726,IfcWallStandardCase,0.0037
560,0.798,0.202,3.31,3.7343,1003.9876,46.4111,#383099,2hRYymaC56LuDbjdMeL73n,0.1726,IfcWallStandardCase,0.0037
561,1.0775,0.202,3.31,5.474,1002.9223,46.4109,#383165,2hRYymaC56LuDbjdMeL73$,0.2533,IfcWallStandardCase,0.0055
562,0.95,0.202,3.31,4.6805,1003.3097,46.411,#383231,2hRYymaC56LuDbjdMeL73z,0.2165,IfcWallStandardCase,0.0047
563,0.202,1.032,3.31,5.1908,1003.0469,46.4109,#383396,2hRYymaC56LuDbjdMeL73u,0.2402,IfcWallStandardCase,0.0052
564,0.202,1.03,3.31,5.1784,1003.0527,46.4109,#384188,2hRYymaC56LuDbjdMeL72G,0.2396,IfcWallStandardCase,0.0052
565,1.077,0.202,3.31,5.4707,1002.9237,46.4109,#384419,2hRYymaC56LuDbjdMeL72P,0.2532,IfcWallStandardCase,0.0055
566,1.077,0.202,3.31,5.4708,1002.9236,46.4109,#384485,2hRYymaC56LuDbjdMeL727,0.2532,IfcWallStandardCase,0.0055
567,1.0495,0.202,3.31,5.2999,1002.9974,46.4109,#384584,2hRYymaC56LuDbjdMeL724,0.2452,IfcWallStandardCase,0.0053
568,1.0495,0.202,3.31,5.2999,1002.9973,46.4109,#384782,2hRYymaC56LuDbjdMeL72E,0.2452,IfcWallStandardCase,0.0053
569,0.202,0.798,3.31,3.7344,1003.9876,46.4111,#384815,2hRYymaC56LuDbjdMeL72D,0.1726,IfcWallStandardCase,0.0037
570,9.296,0.202,3.31,49.8407,1001.2782,53.1713,#384848,2hRYymaC56LuDbjdMeL72C,2.6467,IfcWallStandardCase,0.0498
571,12.1,0.202,3.81,78.7879,1000.8898,40.9749,#388912,0AoQPdu6bD3gZZurZ7hnvn,3.2255,IfcWallStandardCase,0.0787
572,0.202,0.4,3.81,1.4592,1010.554,39.9847,#388968,0AoQPdu6bD3gZZurZ7hnvm,0.0577,IfcWallStandardCase,0.0014
573,0.202,0.8,3.81,4.3488,1003.8873,39.9829,#389001,0AoQPdu6bD3gZZurZ7hnvp,0.1732,IfcWallStandardCase,0.0043
574,1.002,0.202,3.81,5.8081,1003.0478,39.9828,#389034,0AoQPdu6bD3gZZurZ7hnvo,0.2315,IfcWallStandardCase,0.0058
575,0.202,1.0,3.81,5.7936,1003.054,39.9828,#389067,0AoQPdu6bD3gZZurZ7hnvr,0.2309,IfcWallStandardCase,0.0058
576,2.298,0.202,3.81,15.1704,1001.5073,39.9827,#389100,0AoQPdu6bD3gZZurZ7hnvq,0.6056,IfcWallStandardCase,0.0151
577,0.202,0.6,3.81,2.904,1005.554,39.9832,#389133,0AoQPdu6bD3gZZurZ7hnvt,0.1155,IfcWallStandardCase,0.0029
578,0.6,0.202,3.81,2.9041,1005.5539,39.9832,#389166,0AoQPdu6bD3gZZurZ7hnvs,0.1155,IfcWallStandardCase,0.0029
579,0.202,19.8,3.81,129.3953,1000.9074,45.13,#389199,0AoQPdu6bD3gZZurZ7hnvv,5.8343,IfcWallStandardCase,0.1293
580,6.126,0.202,3.81,42.8239,1000.8915,39.9827,#389297,0AoQPdu6bD3gZZurZ7hnvu,1.7107,IfcWallStandardCase,0.0428
581,3.228,0.202,3.81,15.6353,1002.1477,62.8734,#389330,0AoQPdu6bD3gZZurZ7hnvx,0.9809,IfcWallStandardCase,0.0156
582,0.202,0.802,3.81,4.3633,1003.8763,39.9829,#389386,0AoQPdu6bD3gZZurZ7hnvw,0.1738,IfcWallStandardCase,0.0043
583,0.202,8.3,3.81,58.5288,1000.8009,39.9827,#389419,0AoQPdu6bD3gZZurZ7hnvz,2.3383,IfcWallStandardCase,0.0585
584,0.202,1.004,3.81,5.8225,1003.0416,39.9828,#389452,0AoQPdu6bD3gZZurZ7hnvy,0.2321,IfcWallStandardCase,0.0058
585,0.202,4.2,3.81,28.9104,1001.054,39.9827,#389485,0AoQPdu6bD3gZZurZ7hnv$,1.1547,IfcWallStandardCase,0.0289
586,0.798,0.202,3.81,4.3344,1003.8985,39.9829,#389518,0AoQPdu6bD3gZZurZ7hnv_,0.1726,IfcWallStandardCase,0.0043
587,0.798,0.202,3.81,4.3343,1003.8985,39.9829,#389584,0AoQPdu6bD3gZZurZ7hnu0,0.1726,IfcWallStandardCase,0.0043
588,1.0775,0.202,3.81,6.3535,1002.8332,39.9828,#389650,0AoQPdu6bD3gZZurZ7hnu2,0.2533,IfcWallStandardCase,0.0063
589,0.95,0.202,3.81,5.4325,1003.2207,39.9828,#389716,0AoQPdu6bD3gZZurZ7hnu4,0.2165,IfcWallStandardCase,0.0054
590,0.202,1.032,3.81,6.0248,1002.9579,39.9828,#389881,0AoQPdu6bD3gZZurZ7hnuB,0.2402,IfcWallStandardCase,0.006
591,0.202,1.03,3.81,6.0104,1002.9637,39.9828,#390673,0AoQPdu6bD3gZZurZ7hnuZ,0.2396,IfcWallStandardCase,0.006
592,1.077,0.202,3.81,6.3496,1002.8346,39.9828,#390904,0AoQPdu6bD3gZZurZ7hnue,0.2532,IfcWallStandardCase,0.0063
593,1.077,0.202,3.81,6.3497,1002.8346,39.9828,#390970,0AoQPdu6bD3gZZurZ7hnug,0.2532,IfcWallStandardCase,0.0063
594,1.0495,0.202,3.81,6.1514,1002.9083,39.9828,#391069,0AoQPdu6bD3gZZurZ7hnul,0.2452,IfcWallStandardCase,0.0061
595,0.202,0.798,3.81,4.3344,1003.8985,39.9829,#391300,0AoQPdu6bD3gZZurZ7hnuq,0.1726,IfcWallStandardCase,0.0043
596,9.296,0.202,3.81,58.9387,1001.1147,44.9412,#391333,0AoQPdu6bD3gZZurZ7hnut,2.6458,IfcWallStandardCase,0.0589
597,0.226,6.901,2.91,36.8088,77.9595,4.097,#391393,0AfU_MxHn6wuBCkMdv41nd,1.9344,IfcWallStandardCase,0.4722
598,0.8,0.226,2.91,3.4241,80.9944,4.1009,#391585,2UKODqE_T1BvIi6QOVzAEe,0.1734,IfcWallStandardCase,0.0423
599,0.226,4.8,2.91,21.6323,78.6625,4.5841,#391618,2UKODqE_T1BvIi6QOVzA8t,1.2606,IfcWallStandardCase,0.275
600,1.574,0.226,2.91,3.9797,83.4348,9.8877,#391674,2UKODqE_T1BvIi6QOVzABy,0.4716,IfcWallStandardCase,0.0477
601,0.226,11.475,2.91,58.1579,78.0306,4.4586,#391730,2UKODqE_T1BvIi6QOVzABK,3.3231,IfcWallStandardCase,0.7453
602,2.7,0.22,2.928,13.8491,101.5331,5.2911,#391852,2UKODqE_T1BvIi6QOVzA4U,0.7217,IfcWallStandardCase,0.1364
603,0.22,2.26,2.928,11.4309,101.704,5.2912,#391942,2UKODqE_T1BvIi6QOVzA1T,0.5947,IfcWallStandardCase,0.1124
604,0.22,2.26,2.928,7.5305,103.7348,7.913,#391975,2UKODqE_T1BvIi6QOVzA3P,0.5744,IfcWallStandardCase,0.0726
605,3.5,0.23,2.926,16.5532,68.6642,4.1431,#392159,27bPlnidn6XQxakiNF4Lgl,0.9988,IfcWallStandardCase,0.2411
606,3.5,0.23,2.926,18.3532,68.0064,3.53,#392231,27bPlnidn6XQxakiNF4LfS,0.9527,IfcWallStandardCase,0.2699
607,2.8,0.23,2.926,14.4948,68.1696,3.5301,#392264,27bPlnidn6XQxakiNF4Llc,0.7506,IfcWallStandardCase,0.2126
608,2.8,0.23,2.926,12.6948,69.0578,4.1731,#392297,27bPlnidn6XQxakiNF4Ll1,0.7671,IfcWallStandardCase,0.1838
609,0.23,5.64,2.926,30.1488,67.768,3.53,#392353,27bPlnidn6XQxakiNF4LkH,1.5704,IfcWallStandardCase,0.4449
610,0.23,5.64,2.926,26.2106,68.2599,3.6781,#392386,27bPlnidn6XQxakiNF4Liv,1.4123,IfcWallStandardCase,0.384
611,0.23,4.54,2.926,24.0856,67.8612,3.53,#392442,27bPlnidn6XQxakiNF4LZQ,1.2529,IfcWallStandardCase,0.3549
612,0.23,4.54,2.926,20.1474,68.5228,3.7834,#392475,27bPlnidn6XQxakiNF4LYu,1.1124,IfcWallStandardCase,0.294
613,2.9,0.22,2.928,14.9483,101.4739,5.2911,#394028,2XXbMgn2z2tOBALNaKi3Tq,0.7794,IfcWallStandardCase,0.1473
614,2.7,0.22,3.3,15.724,101.4452,4.6562,#395582,2XXbMgn2z2tOBALNaKi3J1,0.7217,IfcWallStandardCase,0.155
615,0.22,2.26,3.3,12.9784,101.616,4.6563,#395648,2XXbMgn2z2tOBALNaKi3J3,0.5947,IfcWallStandardCase,0.1277
616,0.22,2.26,3.3,9.078,103.253,6.66,#395681,2XXbMgn2z2tOBALNaKi3J2,0.5855,IfcWallStandardCase,0.0879
617,0.226,6.901,3.81,48.9174,77.7756,3.0756,#395768,2XXbMgn2z2tOBALNaKi3Gd,1.9344,IfcWallStandardCase,0.629
618,0.8,0.226,3.81,4.5509,80.8104,3.0785,#395881,2XXbMgn2z2tOBALNaKi3GG,0.1734,IfcWallStandardCase,0.0563
619,0.226,4.8,3.81,29.9591,78.2955,3.3598,#395914,2XXbMgn2z2tOBALNaKi3GJ,1.2856,IfcWallStandardCase,0.3826
620,1.574,0.226,3.81,6.4997,81.3989,5.6021,#395970,2XXbMgn2z2tOBALNaKi3GI,0.4473,IfcWallStandardCase,0.0798
621,0.226,11.475,3.81,78.4997,77.7874,3.2758,#396026,2XXbMgn2z2tOBALNaKi3GT,3.3058,IfcWallStandardCase,1.0092
622,2.7,0.22,3.8,18.244,101.3556,4.0095,#396111,2XXbMgn2z2tOBALNaKi3G5,0.7217,IfcWallStandardCase,0.18
623,0.22,2.26,3.8,15.0584,101.5264,4.0096,#396177,2XXbMgn2z2tOBALNaKi3G7,0.5947,IfcWallStandardCase,0.1483
624,0.22,2.26,3.8,11.158,102.8198,5.3131,#396210,2XXbMgn2z2tOBALNaKi3G6,0.5766,IfcWallStandardCase,0.1085
625,6.3,0.4,5.05,63.55,10.7402,0.2978,#396297,09K2QFKg9CHROg_8k7dGrh,1.7619,IfcWallStandardCase,5.917
626,3.5,0.23,3.31,19.1107,68.4747,3.557,#398631,0c5VK_ZPb51w1iKLtZinOY,0.9927,IfcWallStandardCase,0.2791
627,3.5,0.23,3.31,20.9107,67.9158,3.0942,#398687,0c5VK_ZPb51w1iKLtZinOb,0.9527,IfcWallStandardCase,0.3079
628,2.8,0.23,3.31,16.5146,68.079,3.0943,#398720,0c5VK_ZPb51w1iKLtZinOa,0.7506,IfcWallStandardCase,0.2426
629,2.8,0.23,3.31,14.7146,68.8306,3.5804,#398753,0c5VK_ZPb51w1iKLtZinOd,0.7654,IfcWallStandardCase,0.2138
630,0.23,5.64,3.31,34.3498,67.6774,3.0941,#398809,0c5VK_ZPb51w1iKLtZinOc,1.5704,IfcWallStandardCase,0.5076
631,0.23,5.64,3.31,30.4116,68.0879,3.225,#398842,0c5VK_ZPb51w1iKLtZinOf,1.4404,IfcWallStandardCase,0.4467
632,0.23,4.54,3.31,27.4418,67.7706,3.0941,#398898,0c5VK_ZPb51w1iKLtZinOe,1.2529,IfcWallStandardCase,0.4049
633,0.23,4.54,3.31,23.5036,68.32,3.3135,#398931,0c5VK_ZPb51w1iKLtZinOh,1.1399,IfcWallStandardCase,0.344
634,3.5,0.23,3.81,22.4407,68.2936,3.0033,#399077,0c5VK_ZPb51w1iKLtZinOJ,0.9868,IfcWallStandardCase,0.3286
635,3.5,0.23,3.81,24.2407,67.8267,2.6656,#399133,0c5VK_ZPb51w1iKLtZinOI,0.9527,IfcWallStandardCase,0.3574
636,2.8,0.23,3.81,19.1446,67.9899,2.6657,#399166,0c5VK_ZPb51w1iKLtZinOL,0.7506,IfcWallStandardCase,0.2816
637,2.8,0.23,3.81,17.3446,68.6154,3.0209,#399199,0c5VK_ZPb51w1iKLtZinOK,0.7636,IfcWallStandardCase,0.2528
638,0.23,5.64,3.81,39.8198,67.5883,2.6656,#399255,0c5VK_ZPb51w1iKLtZinON,1.5704,IfcWallStandardCase,0.5892
639,0.23,5.64,3.81,35.8816,67.9252,2.7735,#399288,0c5VK_ZPb51w1iKLtZinOM,1.4651,IfcWallStandardCase,0.5283
640,0.23,4.54,3.81,31.8118,67.6815,2.6656,#399344,0c5VK_ZPb51w1iKLtZinOP,1.2529,IfcWallStandardCase,0.47
641,0.23,4.54,3.81,27.8736,68.1303,2.8433,#399377,0c5VK_ZPb51w1iKLtZinOO,1.1633,IfcWallStandardCase,0.4091
642,0.23,4.57,3.31,27.6302,67.7674,3.0941,#401176,29nXb4Icz0x9FZuoscAuhf,1.2615,IfcWallStandardCase,0.4077
643,0.23,4.57,3.31,23.692,68.3119,3.31,#401209,29nXb4Icz0x9FZuoscAuhe,1.148,IfcWallStandardCase,0.3468
644,0.226,6.903,3.31,42.2029,77.8645,3.5701,#401305,29nXb4Icz0x9FZuoscAurD,1.935,IfcWallStandardCase,0.542
645,0.8,0.226,3.31,3.9249,80.8995,3.5734,#401418,29nXb4Icz0x9FZuoscAurY,0.1734,IfcWallStandardCase,0.0485
646,0.226,4.8,3.31,25.3331,78.4692,3.9474,#401451,29nXb4Icz0x9FZuoscAurX,1.2744,IfcWallStandardCase,0.3228
647,1.574,0.226,3.31,5.0997,82.2692,7.3651,#401507,29nXb4Icz0x9FZuoscAurW,0.4565,IfcWallStandardCase,0.062
648,0.226,11.477,3.31,67.2113,77.9041,3.842,#401563,29nXb4Icz0x9FZuoscAurd,3.3147,IfcWallStandardCase,0.8627
649,2.7,0.22,3.31,15.7744,101.4431,4.6412,#401648,29nXb4Icz0x9FZuoscAurl,0.7217,IfcWallStandardCase,0.1555
650,0.22,2.26,3.31,13.02,101.614,4.6413,#401714,29nXb4Icz0x9FZuoscAurj,0.5947,IfcWallStandardCase,0.1281
651,0.22,2.26,3.31,9.1196,103.2423,6.6312,#401747,29nXb4Icz0x9FZuoscAuri,0.5858,IfcWallStandardCase,0.0883
652,10.785,0.202,3.31,58.7014,1001.0706,47.939,#401803,29nXb4Icz0x9FZuoscAumF,2.8111,IfcWallStandardCase,0.0586
653,0.202,0.402,3.31,1.2697,1010.5441,46.4131,#401859,29nXb4Icz0x9FZuoscAumE,0.0583,IfcWallStandardCase,0.0013
654,6.1,0.202,3.31,36.734,1000.9821,46.4108,#402167,29nXb4Icz0x9FZuoscAums,1.7032,IfcWallStandardCase,0.0367
655,3.202,0.202,3.31,12.4434,1002.5301,80.309,#402200,29nXb4Icz0x9FZuoscAumr,0.9968,IfcWallStandardCase,0.0124
656,1.0,0.202,3.31,4.9916,1003.1431,46.4109,#402520,29nXb4Icz0x9FZuoscAumy,0.2309,IfcWallStandardCase,0.005
657,0.875,0.202,3.31,4.2136,1003.606,46.411,#402586,29nXb4Icz0x9FZuoscAumY,0.1949,IfcWallStandardCase,0.0042
658,0.875,0.202,3.31,4.2136,1003.6061,46.411,#402718,29nXb4Icz0x9FZuoscAumc,0.1949,IfcWallStandardCase,0.0042
659,0.202,1.002,3.31,5.0041,1003.1369,46.4109,#402751,29nXb4Icz0x9FZuoscAumb,0.2315,IfcWallStandardCase,0.005
660,1.002,0.202,3.31,5.0042,1003.1368,46.4109,#403840,29nXb4Icz0x9FZuoscAun4,0.2315,IfcWallStandardCase,0.005
661,2.74,0.23,3.31,14.3378,68.8715,3.5852,#404433,1x2SxoscP6t9Q18YRStpvi,0.7464,IfcWallStandardCase,0.2082
662,0.4,19.8,4.55,173.38,10.6945,0.3541,#404489,1gw_kUMQz9pu5tx9zrQyPl,5.7405,IfcWallStandardCase,16.212
663,0.4,19.8,4.15,157.54,10.758,0.3926,#404542,1gw_kUMQz9pu5tx9zrQyTp,5.749,IfcWallStandardCase,14.644
664,0.4,19.7237,4.15,156.9071,10.759,0.3928,#404575,1gw_kUMQz9pu5tx9zrQyU3,5.7278,IfcWallStandardCase,14.5838
665,0.4,19.7237,4.55,172.6861,10.6955,0.3542,#404740,1gw_kUMQz9pu5tx9zrQyIJ,5.7193,IfcWallStandardCase,16.1457
666,0.4,19.5237,5.05,187.0298,10.6972,0.3265,#404773,1gw_kUMQz9pu5tx9zrQyIZ,5.7085,IfcWallStandardCase,17.484
667,3.0,0.4,4.7,28.12,11.1587,0.3216,#404870,1gw_kUMQz9pu5tx9zrQy8x,0.8103,IfcWallStandardCase,2.52
668,5.9,0.4,4.55,53.61,10.8106,0.332,#404903,1gw_kUMQz9pu5tx9zrQy8y,1.6465,IfcWallStandardCase,4.959
669,0.4,2.5,4.55,22.67,11.3293,0.3331,#404936,1gw_kUMQz9pu5tx9zrQy8z,0.6665,IfcWallStandardCase,2.001
670,0.4,6.7,4.55,60.89,10.7675,0.332,#404969,1gw_kUMQz9pu5tx9zrQy8_,1.8773,IfcWallStandardCase,5.655
671,6.5,0.4,4.55,59.07,10.7772,0.332,#405002,1gw_kUMQz9pu5tx9zrQy8$,1.8196,IfcWallStandardCase,5.481
672,0.4,5.7,4.55,51.79,10.8234,0.332,#405035,1gw_kUMQz9pu5tx9zrQy8W,1.5888,IfcWallStandardCase,4.785
673,0.4,5.9,4.55,50.25,11.0707,0.3443,#405068,1gw_kUMQz9pu5tx9zrQy8X,1.5626,IfcWallStandardCase,4.539
674,0.4,11.5,4.55,101.21,10.7544,0.3517,#405101,1gw_kUMQz9pu5tx9zrQy8Y,3.31,IfcWallStandardCase,9.411
675,3.0,0.4,4.55,21.46,12.0022,0.4973,#405134,1gw_kUMQz9pu5tx9zrQy8Z,0.8892,IfcWallStandardCase,1.788
676,0.4,8.3,4.55,75.45,10.7067,0.3319,#405167,1gw_kUMQz9pu5tx9zrQy8a,2.339,IfcWallStandardCase,7.047
677,2.8,0.4,4.55,25.4,11.229,0.3328,#405200,1gw_kUMQz9pu5tx9zrQy8b,0.7528,IfcWallStandardCase,2.262
678,0.4,4.0,4.55,36.32,10.9861,0.3323,#405446,1gw_kUMQz9pu5tx9zrQy8f,1.0985,IfcWallStandardCase,3.306
679,6.3,0.4,4.55,54.29,11.1136,0.3609,#405479,1gw_kUMQz9pu5tx9zrQy9G,1.763,IfcWallStandardCase,4.885
680,3.0,0.4,4.3,25.72,11.2021,0.3529,#405593,0Jr0dLCeXAp9NjIBzfJQSK,0.8103,IfcWallStandardCase,2.296
681,5.9,0.4,4.15,48.89,10.8572,0.3656,#405626,0Jr0dLCeXAp9NjIBzfJQSB,1.6465,IfcWallStandardCase,4.503
682,0.4,2.5,4.15,20.67,11.3759,0.3668,#405659,0Jr0dLCeXAp9NjIBzfJQSA,0.6665,IfcWallStandardCase,1.817
683,0.4,6.7,4.15,55.53,10.814,0.3656,#405692,0Jr0dLCeXAp9NjIBzfJQS9,1.8773,IfcWallStandardCase,5.135
684,6.5,0.4,4.15,53.87,10.8238,0.3656,#405725,0Jr0dLCeXAp9NjIBzfJQS8,1.8196,IfcWallStandardCase,4.977
685,0.4,5.7,4.15,47.23,10.87,0.3657,#405758,0Jr0dLCeXAp9NjIBzfJQSF,1.5888,IfcWallStandardCase,4.345
686,0.4,5.9,4.15,45.53,11.1511,0.3799,#405791,0Jr0dLCeXAp9NjIBzfJQSE,1.5513,IfcWallStandardCase,4.083
687,0.4,11.5,4.15,92.01,10.8158,0.3897,#405824,0Jr0dLCeXAp9NjIBzfJQSD,3.3148,IfcWallStandardCase,8.507
688,3.0,0.4,4.15,19.06,12.1867,0.5753,#405857,0Jr0dLCeXAp9NjIBzfJQSC,0.8998,IfcWallStandardCase,1.564
689,0.4,8.3,4.15,68.81,10.7532,0.3655,#405890,0Jr0dLCeXAp9NjIBzfJQS3,2.339,IfcWallStandardCase,6.399
690,2.8,0.4,4.15,23.16,11.2756,0.3665,#405923,0Jr0dLCeXAp9NjIBzfJQS2,0.7528,IfcWallStandardCase,2.054
691,6.3,0.4,4.15,49.41,11.1863,0.3992,#406169,0Jr0dLCeXAp9NjIBzfJQS6,1.7632,IfcWallStandardCase,4.417
692,3.2,0.4,6.8,43.44,10.9697,0.2192,#406285,0Jr0dLCeXAp9NjIBzfJQ01,0.8679,IfcWallStandardCase,3.96
693,0.4,4.0,6.8,54.32,10.8293,0.219,#406318,0Jr0dLCeXAp9NjIBzfJQ00,1.0985,IfcWallStandardCase,5.016
694,0.4,8.3,7.1,117.78,10.5368,0.2092,#406351,0MWwVUe95E0gt9umXVI3Cm,2.339,IfcWallStandardCase,11.178
695,0.4,11.3,6.0,129.6,10.7677,0.2628,#406384,0MWwVUe95E0gt9umXVI3nL,3.1634,IfcWallStandardCase,12.036
696,2.8,0.4,6.0,33.52,11.1141,0.2496,#406417,0MWwVUe95E0gt9umXVI3nM,0.7528,IfcWallStandardCase,3.016
697,2.8,0.4,6.15,34.36,11.1054,0.2433,#406470,0MWwVUe95E0gt9umXVI3oL,0.7528,IfcWallStandardCase,3.094
698,4.4,0.4,6.0,48.64,11.4178,0.282,#406503,0MWwVUe95E0gt9umXVI3rZ,1.2014,IfcWallStandardCase,4.26
699,6.5,0.4,6.0,77.92,10.6769,0.2492,#406573,0MWwVUe95E0gt9umXVI3wF,1.8186,IfcWallStandardCase,7.298
700,0.4,5.7,6.0,68.32,10.7085,0.249,#406606,0MWwVUe95E0gt9umXVI3w8,1.5888,IfcWallStandardCase,6.38
701,0.4,5.9,6.0,67.76,10.9432,0.2565,#406639,0MWwVUe95E0gt9umXVI3w9,1.5881,IfcWallStandardCase,6.192
702,0.4,6.9,5.75,79.27,10.6589,0.2602,#406692,0MWwVUe95E0gt9umXVI3_i,1.935,IfcWallStandardCase,7.437
703,3.0,0.4,5.0,29.92,11.131,0.3015,#406725,0MWwVUe95E0gt9umXVI3Wb,0.8103,IfcWallStandardCase,2.688
704,5.9,0.4,5.75,67.77,10.7112,0.2602,#406758,0MWwVUe95E0gt9umXVI3Wc,1.6465,IfcWallStandardCase,6.327
705,0.4,2.3,4.85,22.23,11.3825,0.3118,#406791,0MWwVUe95E0gt9umXVI3Wd,0.609,IfcWallStandardCase,1.953
706,3.2,0.4,5.0,31.92,11.0833,0.3014,#406824,0MWwVUe95E0gt9umXVI3X8,0.8679,IfcWallStandardCase,2.88
707,2.7,0.4,5.0,26.92,11.2167,0.3017,#406857,0MWwVUe95E0gt9umXVI3Xq,0.724,IfcWallStandardCase,2.4
708,0.4,3.2,5.0,31.92,11.0833,0.3014,#406890,0MWwVUe95E0gt9umXVI3ZR,0.8679,IfcWallStandardCase,2.88
709,3.2,0.4,4.7,30.0,11.1111,0.3215,#406923,0MWwVUe95E0gt9umXVI3ay,0.8679,IfcWallStandardCase,2.7
710,2.7,0.4,4.7,25.3,11.2444,0.3218,#406956,0MWwVUe95E0gt9umXVI3az,0.724,IfcWallStandardCase,2.25
711,0.4,3.2,4.7,30.0,11.1111,0.3215,#406989,0MWwVUe95E0gt9umXVI3a_,0.8679,IfcWallStandardCase,2.7
712,0.4,4.0,4.15,33.12,11.0326,0.3659,#407022,0h6oHVzXr4lhHoilUl8df0,1.0985,IfcWallStandardCase,3.002
713,3.2,0.4,4.3,27.44,11.1545,0.3528,#407055,0h6oHVzXr4lhHoilUl8db9,0.8679,IfcWallStandardCase,2.46
714,2.7,0.4,4.3,23.14,11.2878,0.3532,#407088,0h6oHVzXr4lhHoilUl8db6,0.724,IfcWallStandardCase,2.05
715,0.4,3.2,4.3,27.44,11.1545,0.3528,#407121,0h6oHVzXr4lhHoilUl8dYm,0.8679,IfcWallStandardCase,2.46
716,6.3,0.4,4.15,48.77,11.2451,0.4064,#407730,0h6oHVzXr4lhHoilUl8dXT,1.7625,IfcWallStandardCase,4.337
717,6.3,0.4,6.0,73.216,10.8855,0.2619,#407995,0h6oHVzXr4lhHoilUl8cTd,1.7614,IfcWallStandardCase,6.726
718,0.4,6.9,4.15,57.19,10.8048,0.3656,#408141,0h6oHVzXr4lhHoilUl8cMh,1.935,IfcWallStandardCase,5.293
719,0.4,2.48,4.15,20.504,11.3835,0.3668,#408851,0h6oHVzXr4lhHoilUl8cMr,0.6607,IfcWallStandardCase,1.8012
720,0.4,6.9,4.55,62.71,10.7583,0.332,#411113,0h6oHVzXr4lhHoilUl8cNF,1.935,IfcWallStandardCase,5.829
721,6.3,0.4,4.55,53.17,11.2055,0.3712,#411557,0h6oHVzXr4lhHoilUl8cN5,1.7614,IfcWallStandardCase,4.745
722,0.4,2.5,5.05,25.17,11.2819,0.2987,#411790,0h6oHVzXr4lhHoilUl8cNP,0.6665,IfcWallStandardCase,2.231
723,0.4,5.7,5.05,57.49,10.776,0.2978,#411823,0h6oHVzXr4lhHoilUl8cNK,1.5888,IfcWallStandardCase,5.335
724,0.4,5.7,5.05,54.13,11.0132,0.3088,#411856,0h6oHVzXr4lhHoilUl8cNL,1.5178,IfcWallStandardCase,4.915
725,0.4,11.3,5.05,110.69,10.6978,0.314,#411889,0h6oHVzXr4lhHoilUl8cNI,3.2488,IfcWallStandardCase,10.347
726,2.8,0.4,5.05,28.2,11.1816,0.2985,#411955,0h6oHVzXr4lhHoilUl8cNG,0.7528,IfcWallStandardCase,2.522
727,0.4,3.4,5.2,35.28,11.025,0.2892,#412028,0h6oHVzXr4lhHoilUl8cKd,0.9256,IfcWallStandardCase,3.2
728,2.8,0.4,4.7,26.24,11.2137,0.3217,#412421,0GUtZ3Xsz6LAPPKk5Lc5Aj,0.7528,IfcWallStandardCase,2.34
729,2.7,0.4,4.55,24.49,11.2598,0.3329,#412454,0GUtZ3Xsz6LAPPKk5Lc55A,0.724,IfcWallStandardCase,2.175
730,2.9,0.4,4.85,28.05,11.1708,0.3113,#412487,0GUtZ3Xsz6LAPPKk5Lc522,0.7816,IfcWallStandardCase,2.511
731,2.8,0.4,4.3,24.0,11.257,0.3531,#412520,0GUtZ3Xsz6LAPPKk5Lc50I,0.7528,IfcWallStandardCase,2.132
732,2.7,0.4,4.15,22.33,11.3063,0.3666,#412553,0GUtZ3Xsz6LAPPKk5Lc5_t,0.724,IfcWallStandardCase,1.975
733,2.7,0.4,5.35,28.81,11.1883,0.2812,#413015,0GUtZ3Xsz6LAPPKk5Lc5aK,0.724,IfcWallStandardCase,2.575
734,5.7,0.4,4.15,47.23,10.87,0.3657,#415553,1xGiFBxVPEVhWVtzV1$QZ4,1.5888,IfcWallStandardCase,4.345
735,0.4,4.198,4.15,34.7634,11.0066,0.3659,#415718,3uWZR5jLHEcf8UFaY3wv5p,1.1556,IfcWallStandardCase,3.1584
736,10.7875,0.4,5.3,107.8673,10.7019,0.2906,#428198,15$xRwvpT5_vLo4hTiJwZ2,2.9286,IfcWallStandardCase,10.0792
737,10.785,0.4,4.55,91.6634,10.798,0.3416,#428231,15$xRwvpT5_vLo4hTiJwhF,2.8997,IfcWallStandardCase,8.4889
738,10.786,0.4,4.55,91.6725,10.7979,0.3416,#428297,15$xRwvpT5_vLo4hTiJwq0,2.9,IfcWallStandardCase,8.4898
739,10.785,0.4,5.05,102.4484,10.7305,0.3058,#428495,15$xRwvpT5_vLo4hTiJwrM,2.9197,IfcWallStandardCase,9.5474
740,2.3,0.4,5.3,24.3,11.3445,0.2843,#428528,0VWZfZGCT6TRMjC2j$_BgZ,0.609,IfcWallStandardCase,2.142
741,2.3,0.4,4.55,20.85,11.4122,0.3333,#428561,0VWZfZGCT6TRMjC2j$_Bc7,0.609,IfcWallStandardCase,1.827
742,2.298,0.4,4.15,18.9934,11.4596,0.3671,#428594,0VWZfZGCT6TRMjC2j$_Bas,0.6084,IfcWallStandardCase,1.6574
743,2.298,0.4,4.55,20.8318,11.4131,0.3333,#428792,0VWZfZGCT6TRMjC2j$_BYQ,0.6084,IfcWallStandardCase,1.8253
744,2.298,0.4,5.05,23.1298,11.3657,0.299,#428825,0VWZfZGCT6TRMjC2j$_BXc,0.6084,IfcWallStandardCase,2.0351
745,5.8697,0.4002,6.3,73.4824,10.6962,0.2368,#450275,1T6J2hEkbDWOuwRcv9UnuX,1.6267,IfcWallStandardCase,6.87
746,0.4012,5.8464,6.3,72.6602,10.8502,0.237,#450342,1T6J2hEkbDWOuwRcv9UnuZ,1.5869,IfcWallStandardCase,6.6967
747,4.94,0.282,4.2,35.9178,25.6603,1.0285,#529285,0PKFff$hT97vUgbUYisajG,1.4396,IfcWallStandardCase,1.3997
748,0.282,3.307,4.2,22.1935,26.3589,1.1376,#529374,0PKFff$hT97vUgbUYisajx,0.9578,IfcWallStandardCase,0.842
749,37.6,35.225,0.202,2026.0614,1000.2009,7.3454,#367218,3j6nZOabr4qfK2r4Aiywac,14.8792,IfcCovering,2.0257
750,2.148,11.475,0.202,38.4591,1001.3772,83.6239,#391550,2UKODqE_T1BvIi6QOVzAmY,3.2117,IfcCovering,0.0384
751,2.66,2.26,0.202,10.1533,1001.7839,91.3891,#392025,2UKODqE_T1BvIi6QOVzAP1,0.9262,IfcCovering,0.0101
752,7.84,5.64,0.216,57.7964,126.0862,6.277,#392538,27bPlnidn6XQxakiNF4LWe,2.8773,IfcCovering,0.4584
753,0.3207,1.85,2.225,7.046,110.1165,7.4256,#27196,0WutJJepX1WBKn3CzXtk7W,0.4751,IfcDoor,0.064
754,0.3207,1.865,2.225,7.1074,110.0794,7.4261,#46443,0Z72vWtj12IRg4UPPOGD1C,0.4795,IfcDoor,0.0646
755,2.0,0.465,2.3,10.5112,61.5247,3.6361,#310758,2m0S1uE8TFYwwWgB6rgg3u,0.6212,IfcDoor,0.1708
756,0.465,2.0,2.3,10.5112,61.5247,3.6361,#310950,2m0S1uE8TFYwwWgB6rggSH,0.6212,IfcDoor,0.1708
757,0.4459,1.2,2.3,6.758,54.3974,2.7169,#312756,2Wpy_TkTr3YfnNZjgyARsj,0.3375,IfcDoor,0.1242
758,1.2,0.4459,2.3,6.758,54.3974,2.7169,#312778,2Wpy_TkTr3YfnNZjgyAOKF,0.3375,IfcDoor,0.1242
759,1.95,0.3207,2.225,7.4549,109.881,7.4287,#313268,2Wpy_TkTr3YfnNZjgyAObJ,0.504,IfcDoor,0.0678
760,0.4501,0.8,2.3,5.3876,55.085,2.3087,#327811,0zGn3MUYHFPva2TY9tofcL,0.2258,IfcDoor,0.0978
761,2.0,0.465,2.0,9.1432,61.4359,4.1613,#425194,1R$9XlMC1C2BI$sNUDrve9,0.6193,IfcDoor,0.1488
762,1.95,0.3207,2.275,7.6333,109.8187,7.2515,#429974,0fLpF$UhfAsQIMWumURdWA,0.504,IfcDoor,0.0695
763,0.3207,1.95,2.275,7.6333,109.8187,7.2515,#430727,0fLpF$UhfAsQIMWumURaQs,0.504,IfcDoor,0.0695
764,1.1,0.4459,2.3,6.287,55.0459,2.6909,#531165,0PKFff$hT97vUgbUYisagT,0.3073,IfcDoor,0.1142
765,2.2,0.3,1.9,8.4179,81.2465,6.0523,#285573,0fJr$TBdv5Rxrp$0xBRemA,0.6271,IfcWindow,0.1036
766,1.2,0.4,1.8,6.12,63.3304,3.9194,#291985,2faKpLevX8Yh_0SGXzO27M,0.3788,IfcWindow,0.0966
767,1.0,0.4,1.4,4.108,58.7226,4.2665,#292345,2faKpLevX8Yh_0SGXzO2DI,0.2985,IfcWindow,0.07
768,2.2,0.3,2.0,8.8627,81.2962,5.756,#428896,1X8lBcuHv8De1sTGG3L$Kq,0.6275,IfcWindow,0.109
769,0.4,2.0,1.4,7.728,66.7611,5.4799,#531543,0PKFff$hT97vUgbUYisaRR,0.6343,IfcWindow,0.1158
770,0.4008,3.9542,4.3074,7.8717,76.61,10.6353,#533386,3u_aKVAQXBYOOsx_tJ5ATQ,1.0928,IfcRailing,0.1028
771,0.3508,2.9952,3.2,5.7641,76.5268,10.7432,#534366,0V7QDnkNHDt9ZMNWs33xWn,0.8092,IfcRailing,0.0753
772,0.3508,3.9633,4.2679,7.8523,76.8648,10.6645,#534687,0xUAsnmjDCIheVFMGLLzrC,1.0895,IfcRailing,0.1022
773,0.3508,3.6008,4.5,9.0165,76.039,7.6335,#537910,0qZPIOcafBQf2NGqEKv8Qa,0.9052,IfcRailing,0.1186
774,0.5064,4.0225,4.8706,10.593,76.3732,7.6293,#539582,0qZPIOcafBQf2NGqEKv9bX,1.0582,IfcRailing,0.1387
775,4.1,0.25,1.4,3.8017,77.6858,22.7689,#539654,3PXNsrAAT38exyyRyg7SsY,1.1143,IfcRailing,0.0489
